	label	label_color
ng1obs0	1	#506E03
ng1obs1	1	#506E03
ng1obs2	1	#506E03
ng1obs3	1	#506E03
ng1obs4	1	#506E03
ng1obs5	1	#506E03
ng1obs6	1	#506E03
ng1obs7	1	#506E03
ng1obs8	1	#506E03
ng1obs9	1	#506E03
ng1obs10	1	#506E03
ng1obs11	1	#506E03
ng1obs12	1	#506E03
ng1obs13	1	#506E03
ng1obs14	1	#506E03
ng1obs15	1	#506E03
ng1obs16	1	#506E03
ng1obs17	1	#506E03
ng1obs18	1	#506E03
ng1obs19	1	#506E03
ng1obs20	1	#506E03
ng1obs21	1	#506E03
ng1obs22	1	#506E03
ng1obs23	1	#506E03
ng1obs24	1	#506E03
ng1obs25	1	#506E03
ng1obs26	1	#506E03
ng1obs27	1	#506E03
ng1obs28	1	#506E03
ng1obs29	1	#506E03
ng1obs30	1	#506E03
ng1obs31	1	#506E03
ng1obs32	1	#506E03
ng1obs33	1	#506E03
ng1obs34	1	#506E03
ng1obs35	1	#506E03
ng1obs36	1	#506E03
ng1obs37	1	#506E03
ng1obs38	1	#506E03
ng1obs39	1	#506E03
ng1obs40	1	#506E03
ng1obs41	1	#506E03
ng1obs42	1	#506E03
ng1obs43	1	#506E03
ng1obs44	1	#506E03
ng1obs45	1	#506E03
ng1obs46	1	#506E03
ng1obs47	1	#506E03
ng1obs48	1	#506E03
ng1obs49	1	#506E03
ng1obs50	1	#506E03
ng1obs51	1	#506E03
ng1obs52	1	#506E03
ng1obs53	1	#506E03
ng1obs54	1	#506E03
ng1obs55	1	#506E03
ng1obs56	1	#506E03
ng1obs57	1	#506E03
ng1obs58	1	#506E03
ng1obs59	1	#506E03
ng1obs60	1	#506E03
ng1obs61	1	#506E03
ng1obs62	1	#506E03
ng1obs63	1	#506E03
ng1obs64	1	#506E03
ng1obs65	1	#506E03
ng1obs66	1	#506E03
ng1obs67	1	#506E03
ng1obs68	1	#506E03
ng1obs69	1	#506E03
ng1obs70	1	#506E03
ng1obs71	1	#506E03
ng1obs72	1	#506E03
ng1obs73	1	#506E03
ng1obs74	1	#506E03
ng1obs75	1	#506E03
ng1obs76	1	#506E03
ng1obs77	1	#506E03
ng1obs78	1	#506E03
ng1obs79	1	#506E03
ng1obs80	1	#506E03
ng1obs81	1	#506E03
ng1obs82	1	#506E03
ng1obs83	1	#506E03
ng1obs84	1	#506E03
ng1obs85	1	#506E03
ng1obs86	1	#506E03
ng1obs87	1	#506E03
ng1obs88	1	#506E03
ng1obs89	1	#506E03
ng1obs90	1	#506E03
ng1obs91	1	#506E03
ng1obs92	1	#506E03
ng1obs93	1	#506E03
ng1obs94	1	#506E03
ng1obs95	1	#506E03
ng1obs96	1	#506E03
ng1obs97	1	#506E03
ng1obs98	1	#506E03
ng1obs99	1	#506E03
ng1obs100	1	#506E03
ng1obs101	1	#506E03
ng1obs102	1	#506E03
ng1obs103	1	#506E03
ng1obs104	1	#506E03
ng1obs105	1	#506E03
ng1obs106	1	#506E03
ng1obs107	1	#506E03
ng1obs108	1	#506E03
ng1obs109	1	#506E03
ng1obs110	1	#506E03
ng1obs111	1	#506E03
ng1obs112	1	#506E03
ng1obs113	1	#506E03
ng1obs114	1	#506E03
ng1obs115	1	#506E03
ng1obs116	1	#506E03
ng1obs117	1	#506E03
ng1obs118	1	#506E03
ng1obs119	1	#506E03
ng1obs120	1	#506E03
ng1obs121	1	#506E03
ng1obs122	1	#506E03
ng1obs123	1	#506E03
ng1obs124	1	#506E03
ng1obs125	1	#506E03
ng1obs126	1	#506E03
ng1obs127	1	#506E03
ng1obs128	1	#506E03
ng1obs129	1	#506E03
ng1obs130	1	#506E03
ng1obs131	1	#506E03
ng1obs132	1	#506E03
ng1obs133	1	#506E03
ng1obs134	1	#506E03
ng1obs135	1	#506E03
ng1obs136	1	#506E03
ng1obs137	1	#506E03
ng1obs138	1	#506E03
ng1obs139	1	#506E03
ng1obs140	1	#506E03
ng1obs141	1	#506E03
ng1obs142	1	#506E03
ng1obs143	1	#506E03
ng1obs144	1	#506E03
ng1obs145	1	#506E03
ng1obs146	1	#506E03
ng1obs147	1	#506E03
ng1obs148	1	#506E03
ng1obs149	1	#506E03
ng1obs150	1	#506E03
ng1obs151	1	#506E03
ng1obs152	1	#506E03
ng1obs153	1	#506E03
ng1obs154	1	#506E03
ng1obs155	1	#506E03
ng1obs156	1	#506E03
ng1obs157	1	#506E03
ng1obs158	1	#506E03
ng1obs159	1	#506E03
ng1obs160	1	#506E03
ng1obs161	1	#506E03
ng1obs162	1	#506E03
ng1obs163	1	#506E03
ng1obs164	1	#506E03
ng1obs165	1	#506E03
ng1obs166	1	#506E03
ng1obs167	1	#506E03
ng1obs168	1	#506E03
ng1obs169	1	#506E03
ng1obs170	1	#506E03
ng1obs171	1	#506E03
ng1obs172	1	#506E03
ng1obs173	1	#506E03
ng1obs174	1	#506E03
ng1obs175	1	#506E03
ng1obs176	1	#506E03
ng1obs177	1	#506E03
ng1obs178	1	#506E03
ng1obs179	1	#506E03
ng1obs180	1	#506E03
ng1obs181	1	#506E03
ng1obs182	1	#506E03
ng1obs183	1	#506E03
ng1obs184	1	#506E03
ng1obs185	1	#506E03
ng1obs186	1	#506E03
ng1obs187	1	#506E03
ng1obs188	1	#506E03
ng1obs189	1	#506E03
ng1obs190	1	#506E03
ng1obs191	1	#506E03
ng1obs192	1	#506E03
ng1obs193	1	#506E03
ng1obs194	1	#506E03
ng1obs195	1	#506E03
ng1obs196	1	#506E03
ng1obs197	1	#506E03
ng1obs198	1	#506E03
ng1obs199	1	#506E03
ng1obs200	1	#506E03
ng1obs201	1	#506E03
ng1obs202	1	#506E03
ng1obs203	1	#506E03
ng1obs204	1	#506E03
ng1obs205	1	#506E03
ng1obs206	1	#506E03
ng1obs207	1	#506E03
ng1obs208	1	#506E03
ng1obs209	1	#506E03
ng1obs210	1	#506E03
ng1obs211	1	#506E03
ng1obs212	1	#506E03
ng1obs213	1	#506E03
ng1obs214	1	#506E03
ng1obs215	1	#506E03
ng1obs216	1	#506E03
ng1obs217	1	#506E03
ng1obs218	1	#506E03
ng1obs219	1	#506E03
ng1obs220	1	#506E03
ng1obs221	1	#506E03
ng1obs222	1	#506E03
ng1obs223	1	#506E03
ng1obs224	1	#506E03
ng1obs225	1	#506E03
ng1obs226	1	#506E03
ng1obs227	1	#506E03
ng1obs228	1	#506E03
ng1obs229	1	#506E03
ng1obs230	1	#506E03
ng1obs231	1	#506E03
ng1obs232	1	#506E03
ng1obs233	1	#506E03
ng1obs234	1	#506E03
ng1obs235	1	#506E03
ng1obs236	1	#506E03
ng1obs237	1	#506E03
ng1obs238	1	#506E03
ng1obs239	1	#506E03
ng1obs240	1	#506E03
ng1obs241	1	#506E03
ng1obs242	1	#506E03
ng1obs243	1	#506E03
ng1obs244	1	#506E03
ng1obs245	1	#506E03
ng1obs246	1	#506E03
ng1obs247	1	#506E03
ng1obs248	1	#506E03
ng1obs249	1	#506E03
ng1obs250	1	#506E03
ng1obs251	1	#506E03
ng1obs252	1	#506E03
ng1obs253	1	#506E03
ng1obs254	1	#506E03
ng1obs255	1	#506E03
ng1obs256	1	#506E03
ng1obs257	1	#506E03
ng1obs258	1	#506E03
ng1obs259	1	#506E03
ng1obs260	1	#506E03
ng1obs261	1	#506E03
ng1obs262	1	#506E03
ng1obs263	1	#506E03
ng1obs264	1	#506E03
ng1obs265	1	#506E03
ng1obs266	1	#506E03
ng1obs267	1	#506E03
ng1obs268	1	#506E03
ng1obs269	1	#506E03
ng1obs270	1	#506E03
ng1obs271	1	#506E03
ng1obs272	1	#506E03
ng1obs273	1	#506E03
ng1obs274	1	#506E03
ng1obs275	1	#506E03
ng1obs276	1	#506E03
ng1obs277	1	#506E03
ng1obs278	1	#506E03
ng1obs279	1	#506E03
ng1obs280	1	#506E03
ng1obs281	1	#506E03
ng1obs282	1	#506E03
ng1obs283	1	#506E03
ng1obs284	1	#506E03
ng1obs285	1	#506E03
ng1obs286	1	#506E03
ng1obs287	1	#506E03
ng1obs288	1	#506E03
ng1obs289	1	#506E03
ng1obs290	1	#506E03
ng1obs291	1	#506E03
ng1obs292	1	#506E03
ng1obs293	1	#506E03
ng1obs294	1	#506E03
ng1obs295	1	#506E03
ng1obs296	1	#506E03
ng1obs297	1	#506E03
ng1obs298	1	#506E03
ng1obs299	1	#506E03
ng2obs300	2	#DF5122
ng2obs301	2	#DF5122
ng2obs302	2	#DF5122
ng2obs303	2	#DF5122
ng2obs304	2	#DF5122
ng2obs305	2	#DF5122
ng2obs306	2	#DF5122
ng2obs307	2	#DF5122
ng2obs308	2	#DF5122
ng2obs309	2	#DF5122
ng2obs310	2	#DF5122
ng2obs311	2	#DF5122
ng2obs312	2	#DF5122
ng2obs313	2	#DF5122
ng2obs314	2	#DF5122
ng2obs315	2	#DF5122
ng2obs316	2	#DF5122
ng2obs317	2	#DF5122
ng2obs318	2	#DF5122
ng2obs319	2	#DF5122
ng2obs320	2	#DF5122
ng2obs321	2	#DF5122
ng2obs322	2	#DF5122
ng2obs323	2	#DF5122
ng2obs324	2	#DF5122
ng2obs325	2	#DF5122
ng2obs326	2	#DF5122
ng2obs327	2	#DF5122
ng2obs328	2	#DF5122
ng2obs329	2	#DF5122
ng2obs330	2	#DF5122
ng2obs331	2	#DF5122
ng2obs332	2	#DF5122
ng2obs333	2	#DF5122
ng2obs334	2	#DF5122
ng2obs335	2	#DF5122
ng2obs336	2	#DF5122
ng2obs337	2	#DF5122
ng2obs338	2	#DF5122
ng2obs339	2	#DF5122
ng2obs340	2	#DF5122
ng2obs341	2	#DF5122
ng2obs342	2	#DF5122
ng2obs343	2	#DF5122
ng2obs344	2	#DF5122
ng2obs345	2	#DF5122
ng2obs346	2	#DF5122
ng2obs347	2	#DF5122
ng2obs348	2	#DF5122
ng2obs349	2	#DF5122
ng2obs350	2	#DF5122
ng2obs351	2	#DF5122
ng2obs352	2	#DF5122
ng2obs353	2	#DF5122
ng2obs354	2	#DF5122
ng2obs355	2	#DF5122
ng2obs356	2	#DF5122
ng2obs357	2	#DF5122
ng2obs358	2	#DF5122
ng2obs359	2	#DF5122
ng2obs360	2	#DF5122
ng2obs361	2	#DF5122
ng2obs362	2	#DF5122
ng2obs363	2	#DF5122
ng2obs364	2	#DF5122
ng2obs365	2	#DF5122
ng2obs366	2	#DF5122
ng2obs367	2	#DF5122
ng2obs368	2	#DF5122
ng2obs369	2	#DF5122
ng2obs370	2	#DF5122
ng2obs371	2	#DF5122
ng2obs372	2	#DF5122
ng2obs373	2	#DF5122
ng2obs374	2	#DF5122
ng2obs375	2	#DF5122
ng2obs376	2	#DF5122
ng2obs377	2	#DF5122
ng2obs378	2	#DF5122
ng2obs379	2	#DF5122
ng2obs380	2	#DF5122
ng2obs381	2	#DF5122
ng2obs382	2	#DF5122
ng2obs383	2	#DF5122
ng2obs384	2	#DF5122
ng2obs385	2	#DF5122
ng2obs386	2	#DF5122
ng2obs387	2	#DF5122
ng2obs388	2	#DF5122
ng2obs389	2	#DF5122
ng2obs390	2	#DF5122
ng2obs391	2	#DF5122
ng2obs392	2	#DF5122
ng2obs393	2	#DF5122
ng2obs394	2	#DF5122
ng2obs395	2	#DF5122
ng2obs396	2	#DF5122
ng2obs397	2	#DF5122
ng2obs398	2	#DF5122
ng2obs399	2	#DF5122
ng2obs400	2	#DF5122
ng2obs401	2	#DF5122
ng2obs402	2	#DF5122
ng2obs403	2	#DF5122
ng2obs404	2	#DF5122
ng2obs405	2	#DF5122
ng2obs406	2	#DF5122
ng2obs407	2	#DF5122
ng2obs408	2	#DF5122
ng2obs409	2	#DF5122
ng2obs410	2	#DF5122
ng2obs411	2	#DF5122
ng2obs412	2	#DF5122
ng2obs413	2	#DF5122
ng2obs414	2	#DF5122
ng2obs415	2	#DF5122
ng2obs416	2	#DF5122
ng2obs417	2	#DF5122
ng2obs418	2	#DF5122
ng2obs419	2	#DF5122
ng2obs420	2	#DF5122
ng2obs421	2	#DF5122
ng2obs422	2	#DF5122
ng2obs423	2	#DF5122
ng2obs424	2	#DF5122
ng2obs425	2	#DF5122
ng2obs426	2	#DF5122
ng2obs427	2	#DF5122
ng2obs428	2	#DF5122
ng2obs429	2	#DF5122
ng2obs430	2	#DF5122
ng2obs431	2	#DF5122
ng2obs432	2	#DF5122
ng2obs433	2	#DF5122
ng2obs434	2	#DF5122
ng2obs435	2	#DF5122
ng2obs436	2	#DF5122
ng2obs437	2	#DF5122
ng2obs438	2	#DF5122
ng2obs439	2	#DF5122
ng2obs440	2	#DF5122
ng2obs441	2	#DF5122
ng2obs442	2	#DF5122
ng2obs443	2	#DF5122
ng2obs444	2	#DF5122
ng2obs445	2	#DF5122
ng2obs446	2	#DF5122
ng2obs447	2	#DF5122
ng2obs448	2	#DF5122
ng2obs449	2	#DF5122
ng2obs450	2	#DF5122
ng2obs451	2	#DF5122
ng2obs452	2	#DF5122
ng2obs453	2	#DF5122
ng2obs454	2	#DF5122
ng2obs455	2	#DF5122
ng2obs456	2	#DF5122
ng2obs457	2	#DF5122
ng2obs458	2	#DF5122
ng2obs459	2	#DF5122
ng2obs460	2	#DF5122
ng2obs461	2	#DF5122
ng2obs462	2	#DF5122
ng2obs463	2	#DF5122
ng2obs464	2	#DF5122
ng2obs465	2	#DF5122
ng2obs466	2	#DF5122
ng2obs467	2	#DF5122
ng2obs468	2	#DF5122
ng2obs469	2	#DF5122
ng2obs470	2	#DF5122
ng2obs471	2	#DF5122
ng2obs472	2	#DF5122
ng2obs473	2	#DF5122
ng2obs474	2	#DF5122
ng2obs475	2	#DF5122
ng2obs476	2	#DF5122
ng2obs477	2	#DF5122
ng2obs478	2	#DF5122
ng2obs479	2	#DF5122
ng2obs480	2	#DF5122
ng2obs481	2	#DF5122
ng2obs482	2	#DF5122
ng2obs483	2	#DF5122
ng2obs484	2	#DF5122
ng2obs485	2	#DF5122
ng2obs486	2	#DF5122
ng2obs487	2	#DF5122
ng2obs488	2	#DF5122
ng2obs489	2	#DF5122
ng2obs490	2	#DF5122
ng2obs491	2	#DF5122
ng2obs492	2	#DF5122
ng2obs493	2	#DF5122
ng2obs494	2	#DF5122
ng2obs495	2	#DF5122
ng2obs496	2	#DF5122
ng2obs497	2	#DF5122
ng2obs498	2	#DF5122
ng2obs499	2	#DF5122
ng2obs500	2	#DF5122
ng2obs501	2	#DF5122
ng2obs502	2	#DF5122
ng2obs503	2	#DF5122
ng2obs504	2	#DF5122
ng2obs505	2	#DF5122
ng2obs506	2	#DF5122
ng2obs507	2	#DF5122
ng2obs508	2	#DF5122
ng2obs509	2	#DF5122
ng2obs510	2	#DF5122
ng2obs511	2	#DF5122
ng2obs512	2	#DF5122
ng2obs513	2	#DF5122
ng2obs514	2	#DF5122
ng2obs515	2	#DF5122
ng2obs516	2	#DF5122
ng2obs517	2	#DF5122
ng2obs518	2	#DF5122
ng2obs519	2	#DF5122
ng2obs520	2	#DF5122
ng2obs521	2	#DF5122
ng2obs522	2	#DF5122
ng2obs523	2	#DF5122
ng2obs524	2	#DF5122
ng2obs525	2	#DF5122
ng2obs526	2	#DF5122
ng2obs527	2	#DF5122
ng2obs528	2	#DF5122
ng2obs529	2	#DF5122
ng2obs530	2	#DF5122
ng2obs531	2	#DF5122
ng2obs532	2	#DF5122
ng2obs533	2	#DF5122
ng2obs534	2	#DF5122
ng2obs535	2	#DF5122
ng2obs536	2	#DF5122
ng2obs537	2	#DF5122
ng2obs538	2	#DF5122
ng2obs539	2	#DF5122
ng2obs540	2	#DF5122
ng2obs541	2	#DF5122
ng2obs542	2	#DF5122
ng2obs543	2	#DF5122
ng2obs544	2	#DF5122
ng2obs545	2	#DF5122
ng2obs546	2	#DF5122
ng2obs547	2	#DF5122
ng2obs548	2	#DF5122
ng2obs549	2	#DF5122
ng2obs550	2	#DF5122
ng2obs551	2	#DF5122
ng2obs552	2	#DF5122
ng2obs553	2	#DF5122
ng2obs554	2	#DF5122
ng2obs555	2	#DF5122
ng2obs556	2	#DF5122
ng2obs557	2	#DF5122
ng2obs558	2	#DF5122
ng2obs559	2	#DF5122
ng2obs560	2	#DF5122
ng2obs561	2	#DF5122
ng2obs562	2	#DF5122
ng2obs563	2	#DF5122
ng2obs564	2	#DF5122
ng2obs565	2	#DF5122
ng2obs566	2	#DF5122
ng2obs567	2	#DF5122
ng2obs568	2	#DF5122
ng2obs569	2	#DF5122
ng2obs570	2	#DF5122
ng2obs571	2	#DF5122
ng2obs572	2	#DF5122
ng2obs573	2	#DF5122
ng2obs574	2	#DF5122
ng2obs575	2	#DF5122
ng2obs576	2	#DF5122
ng2obs577	2	#DF5122
ng2obs578	2	#DF5122
ng2obs579	2	#DF5122
ng2obs580	2	#DF5122
ng2obs581	2	#DF5122
ng2obs582	2	#DF5122
ng2obs583	2	#DF5122
ng2obs584	2	#DF5122
ng2obs585	2	#DF5122
ng2obs586	2	#DF5122
ng2obs587	2	#DF5122
ng2obs588	2	#DF5122
ng2obs589	2	#DF5122
ng2obs590	2	#DF5122
ng2obs591	2	#DF5122
ng2obs592	2	#DF5122
ng2obs593	2	#DF5122
ng2obs594	2	#DF5122
ng2obs595	2	#DF5122
ng2obs596	2	#DF5122
ng2obs597	2	#DF5122
ng2obs598	2	#DF5122
ng2obs599	2	#DF5122
ng3obs600	3	#E1712C
ng3obs601	3	#E1712C
ng3obs602	3	#E1712C
ng3obs603	3	#E1712C
ng3obs604	3	#E1712C
ng3obs605	3	#E1712C
ng3obs606	3	#E1712C
ng3obs607	3	#E1712C
ng3obs608	3	#E1712C
ng3obs609	3	#E1712C
ng3obs610	3	#E1712C
ng3obs611	3	#E1712C
ng3obs612	3	#E1712C
ng3obs613	3	#E1712C
ng3obs614	3	#E1712C
ng3obs615	3	#E1712C
ng3obs616	3	#E1712C
ng3obs617	3	#E1712C
ng3obs618	3	#E1712C
ng3obs619	3	#E1712C
ng3obs620	3	#E1712C
ng3obs621	3	#E1712C
ng3obs622	3	#E1712C
ng3obs623	3	#E1712C
ng3obs624	3	#E1712C
ng3obs625	3	#E1712C
ng3obs626	3	#E1712C
ng3obs627	3	#E1712C
ng3obs628	3	#E1712C
ng3obs629	3	#E1712C
ng3obs630	3	#E1712C
ng3obs631	3	#E1712C
ng3obs632	3	#E1712C
ng3obs633	3	#E1712C
ng3obs634	3	#E1712C
ng3obs635	3	#E1712C
ng3obs636	3	#E1712C
ng3obs637	3	#E1712C
ng3obs638	3	#E1712C
ng3obs639	3	#E1712C
ng3obs640	3	#E1712C
ng3obs641	3	#E1712C
ng3obs642	3	#E1712C
ng3obs643	3	#E1712C
ng3obs644	3	#E1712C
ng3obs645	3	#E1712C
ng3obs646	3	#E1712C
ng3obs647	3	#E1712C
ng3obs648	3	#E1712C
ng3obs649	3	#E1712C
ng3obs650	3	#E1712C
ng3obs651	3	#E1712C
ng3obs652	3	#E1712C
ng3obs653	3	#E1712C
ng3obs654	3	#E1712C
ng3obs655	3	#E1712C
ng3obs656	3	#E1712C
ng3obs657	3	#E1712C
ng3obs658	3	#E1712C
ng3obs659	3	#E1712C
ng3obs660	3	#E1712C
ng3obs661	3	#E1712C
ng3obs662	3	#E1712C
ng3obs663	3	#E1712C
ng3obs664	3	#E1712C
ng3obs665	3	#E1712C
ng3obs666	3	#E1712C
ng3obs667	3	#E1712C
ng3obs668	3	#E1712C
ng3obs669	3	#E1712C
ng3obs670	3	#E1712C
ng3obs671	3	#E1712C
ng3obs672	3	#E1712C
ng3obs673	3	#E1712C
ng3obs674	3	#E1712C
ng3obs675	3	#E1712C
ng3obs676	3	#E1712C
ng3obs677	3	#E1712C
ng3obs678	3	#E1712C
ng3obs679	3	#E1712C
ng3obs680	3	#E1712C
ng3obs681	3	#E1712C
ng3obs682	3	#E1712C
ng3obs683	3	#E1712C
ng3obs684	3	#E1712C
ng3obs685	3	#E1712C
ng3obs686	3	#E1712C
ng3obs687	3	#E1712C
ng3obs688	3	#E1712C
ng3obs689	3	#E1712C
ng3obs690	3	#E1712C
ng3obs691	3	#E1712C
ng3obs692	3	#E1712C
ng3obs693	3	#E1712C
ng3obs694	3	#E1712C
ng3obs695	3	#E1712C
ng3obs696	3	#E1712C
ng3obs697	3	#E1712C
ng3obs698	3	#E1712C
ng3obs699	3	#E1712C
ng3obs700	3	#E1712C
ng3obs701	3	#E1712C
ng3obs702	3	#E1712C
ng3obs703	3	#E1712C
ng3obs704	3	#E1712C
ng3obs705	3	#E1712C
ng3obs706	3	#E1712C
ng3obs707	3	#E1712C
ng3obs708	3	#E1712C
ng3obs709	3	#E1712C
ng3obs710	3	#E1712C
ng3obs711	3	#E1712C
ng3obs712	3	#E1712C
ng3obs713	3	#E1712C
ng3obs714	3	#E1712C
ng3obs715	3	#E1712C
ng3obs716	3	#E1712C
ng3obs717	3	#E1712C
ng3obs718	3	#E1712C
ng3obs719	3	#E1712C
ng3obs720	3	#E1712C
ng3obs721	3	#E1712C
ng3obs722	3	#E1712C
ng3obs723	3	#E1712C
ng3obs724	3	#E1712C
ng3obs725	3	#E1712C
ng3obs726	3	#E1712C
ng3obs727	3	#E1712C
ng3obs728	3	#E1712C
ng3obs729	3	#E1712C
ng3obs730	3	#E1712C
ng3obs731	3	#E1712C
ng3obs732	3	#E1712C
ng3obs733	3	#E1712C
ng3obs734	3	#E1712C
ng3obs735	3	#E1712C
ng3obs736	3	#E1712C
ng3obs737	3	#E1712C
ng3obs738	3	#E1712C
ng3obs739	3	#E1712C
ng3obs740	3	#E1712C
ng3obs741	3	#E1712C
ng3obs742	3	#E1712C
ng3obs743	3	#E1712C
ng3obs744	3	#E1712C
ng3obs745	3	#E1712C
ng3obs746	3	#E1712C
ng3obs747	3	#E1712C
ng3obs748	3	#E1712C
ng3obs749	3	#E1712C
ng3obs750	3	#E1712C
ng3obs751	3	#E1712C
ng3obs752	3	#E1712C
ng3obs753	3	#E1712C
ng3obs754	3	#E1712C
ng3obs755	3	#E1712C
ng3obs756	3	#E1712C
ng3obs757	3	#E1712C
ng3obs758	3	#E1712C
ng3obs759	3	#E1712C
ng3obs760	3	#E1712C
ng3obs761	3	#E1712C
ng3obs762	3	#E1712C
ng3obs763	3	#E1712C
ng3obs764	3	#E1712C
ng3obs765	3	#E1712C
ng3obs766	3	#E1712C
ng3obs767	3	#E1712C
ng3obs768	3	#E1712C
ng3obs769	3	#E1712C
ng3obs770	3	#E1712C
ng3obs771	3	#E1712C
ng3obs772	3	#E1712C
ng3obs773	3	#E1712C
ng3obs774	3	#E1712C
ng3obs775	3	#E1712C
ng3obs776	3	#E1712C
ng3obs777	3	#E1712C
ng3obs778	3	#E1712C
ng3obs779	3	#E1712C
ng3obs780	3	#E1712C
ng3obs781	3	#E1712C
ng3obs782	3	#E1712C
ng3obs783	3	#E1712C
ng3obs784	3	#E1712C
ng3obs785	3	#E1712C
ng3obs786	3	#E1712C
ng3obs787	3	#E1712C
ng3obs788	3	#E1712C
ng3obs789	3	#E1712C
ng3obs790	3	#E1712C
ng3obs791	3	#E1712C
ng3obs792	3	#E1712C
ng3obs793	3	#E1712C
ng3obs794	3	#E1712C
ng3obs795	3	#E1712C
ng3obs796	3	#E1712C
ng3obs797	3	#E1712C
ng3obs798	3	#E1712C
ng3obs799	3	#E1712C
ng3obs800	3	#E1712C
ng3obs801	3	#E1712C
ng3obs802	3	#E1712C
ng3obs803	3	#E1712C
ng3obs804	3	#E1712C
ng3obs805	3	#E1712C
ng3obs806	3	#E1712C
ng3obs807	3	#E1712C
ng3obs808	3	#E1712C
ng3obs809	3	#E1712C
ng3obs810	3	#E1712C
ng3obs811	3	#E1712C
ng3obs812	3	#E1712C
ng3obs813	3	#E1712C
ng3obs814	3	#E1712C
ng3obs815	3	#E1712C
ng3obs816	3	#E1712C
ng3obs817	3	#E1712C
ng3obs818	3	#E1712C
ng3obs819	3	#E1712C
ng3obs820	3	#E1712C
ng3obs821	3	#E1712C
ng3obs822	3	#E1712C
ng3obs823	3	#E1712C
ng3obs824	3	#E1712C
ng3obs825	3	#E1712C
ng3obs826	3	#E1712C
ng3obs827	3	#E1712C
ng3obs828	3	#E1712C
ng3obs829	3	#E1712C
ng3obs830	3	#E1712C
ng3obs831	3	#E1712C
ng3obs832	3	#E1712C
ng3obs833	3	#E1712C
ng3obs834	3	#E1712C
ng3obs835	3	#E1712C
ng3obs836	3	#E1712C
ng3obs837	3	#E1712C
ng3obs838	3	#E1712C
ng3obs839	3	#E1712C
ng3obs840	3	#E1712C
ng3obs841	3	#E1712C
ng3obs842	3	#E1712C
ng3obs843	3	#E1712C
ng3obs844	3	#E1712C
ng3obs845	3	#E1712C
ng3obs846	3	#E1712C
ng3obs847	3	#E1712C
ng3obs848	3	#E1712C
ng3obs849	3	#E1712C
ng3obs850	3	#E1712C
ng3obs851	3	#E1712C
ng3obs852	3	#E1712C
ng3obs853	3	#E1712C
ng3obs854	3	#E1712C
ng3obs855	3	#E1712C
ng3obs856	3	#E1712C
ng3obs857	3	#E1712C
ng3obs858	3	#E1712C
ng3obs859	3	#E1712C
ng3obs860	3	#E1712C
ng3obs861	3	#E1712C
ng3obs862	3	#E1712C
ng3obs863	3	#E1712C
ng3obs864	3	#E1712C
ng3obs865	3	#E1712C
ng3obs866	3	#E1712C
ng3obs867	3	#E1712C
ng3obs868	3	#E1712C
ng3obs869	3	#E1712C
ng3obs870	3	#E1712C
ng3obs871	3	#E1712C
ng3obs872	3	#E1712C
ng3obs873	3	#E1712C
ng3obs874	3	#E1712C
ng3obs875	3	#E1712C
ng3obs876	3	#E1712C
ng3obs877	3	#E1712C
ng3obs878	3	#E1712C
ng3obs879	3	#E1712C
ng3obs880	3	#E1712C
ng3obs881	3	#E1712C
ng3obs882	3	#E1712C
ng3obs883	3	#E1712C
ng3obs884	3	#E1712C
ng3obs885	3	#E1712C
ng3obs886	3	#E1712C
ng3obs887	3	#E1712C
ng3obs888	3	#E1712C
ng3obs889	3	#E1712C
ng3obs890	3	#E1712C
ng3obs891	3	#E1712C
ng3obs892	3	#E1712C
ng3obs893	3	#E1712C
ng3obs894	3	#E1712C
ng3obs895	3	#E1712C
ng3obs896	3	#E1712C
ng3obs897	3	#E1712C
ng3obs898	3	#E1712C
ng3obs899	3	#E1712C
ng4obs900	4	#B4EECD
ng4obs901	4	#B4EECD
ng4obs902	4	#B4EECD
ng4obs903	4	#B4EECD
ng4obs904	4	#B4EECD
ng4obs905	4	#B4EECD
ng4obs906	4	#B4EECD
ng4obs907	4	#B4EECD
ng4obs908	4	#B4EECD
ng4obs909	4	#B4EECD
ng4obs910	4	#B4EECD
ng4obs911	4	#B4EECD
ng4obs912	4	#B4EECD
ng4obs913	4	#B4EECD
ng4obs914	4	#B4EECD
ng4obs915	4	#B4EECD
ng4obs916	4	#B4EECD
ng4obs917	4	#B4EECD
ng4obs918	4	#B4EECD
ng4obs919	4	#B4EECD
ng4obs920	4	#B4EECD
ng4obs921	4	#B4EECD
ng4obs922	4	#B4EECD
ng4obs923	4	#B4EECD
ng4obs924	4	#B4EECD
ng4obs925	4	#B4EECD
ng4obs926	4	#B4EECD
ng4obs927	4	#B4EECD
ng4obs928	4	#B4EECD
ng4obs929	4	#B4EECD
ng4obs930	4	#B4EECD
ng4obs931	4	#B4EECD
ng4obs932	4	#B4EECD
ng4obs933	4	#B4EECD
ng4obs934	4	#B4EECD
ng4obs935	4	#B4EECD
ng4obs936	4	#B4EECD
ng4obs937	4	#B4EECD
ng4obs938	4	#B4EECD
ng4obs939	4	#B4EECD
ng4obs940	4	#B4EECD
ng4obs941	4	#B4EECD
ng4obs942	4	#B4EECD
ng4obs943	4	#B4EECD
ng4obs944	4	#B4EECD
ng4obs945	4	#B4EECD
ng4obs946	4	#B4EECD
ng4obs947	4	#B4EECD
ng4obs948	4	#B4EECD
ng4obs949	4	#B4EECD
ng4obs950	4	#B4EECD
ng4obs951	4	#B4EECD
ng4obs952	4	#B4EECD
ng4obs953	4	#B4EECD
ng4obs954	4	#B4EECD
ng4obs955	4	#B4EECD
ng4obs956	4	#B4EECD
ng4obs957	4	#B4EECD
ng4obs958	4	#B4EECD
ng4obs959	4	#B4EECD
ng4obs960	4	#B4EECD
ng4obs961	4	#B4EECD
ng4obs962	4	#B4EECD
ng4obs963	4	#B4EECD
ng4obs964	4	#B4EECD
ng4obs965	4	#B4EECD
ng4obs966	4	#B4EECD
ng4obs967	4	#B4EECD
ng4obs968	4	#B4EECD
ng4obs969	4	#B4EECD
ng4obs970	4	#B4EECD
ng4obs971	4	#B4EECD
ng4obs972	4	#B4EECD
ng4obs973	4	#B4EECD
ng4obs974	4	#B4EECD
ng4obs975	4	#B4EECD
ng4obs976	4	#B4EECD
ng4obs977	4	#B4EECD
ng4obs978	4	#B4EECD
ng4obs979	4	#B4EECD
ng4obs980	4	#B4EECD
ng4obs981	4	#B4EECD
ng4obs982	4	#B4EECD
ng4obs983	4	#B4EECD
ng4obs984	4	#B4EECD
ng4obs985	4	#B4EECD
ng4obs986	4	#B4EECD
ng4obs987	4	#B4EECD
ng4obs988	4	#B4EECD
ng4obs989	4	#B4EECD
ng4obs990	4	#B4EECD
ng4obs991	4	#B4EECD
ng4obs992	4	#B4EECD
ng4obs993	4	#B4EECD
ng4obs994	4	#B4EECD
ng4obs995	4	#B4EECD
ng4obs996	4	#B4EECD
ng4obs997	4	#B4EECD
ng4obs998	4	#B4EECD
ng4obs999	4	#B4EECD
ng4obs1000	4	#B4EECD
ng4obs1001	4	#B4EECD
ng4obs1002	4	#B4EECD
ng4obs1003	4	#B4EECD
ng4obs1004	4	#B4EECD
ng4obs1005	4	#B4EECD
ng4obs1006	4	#B4EECD
ng4obs1007	4	#B4EECD
ng4obs1008	4	#B4EECD
ng4obs1009	4	#B4EECD
ng4obs1010	4	#B4EECD
ng4obs1011	4	#B4EECD
ng4obs1012	4	#B4EECD
ng4obs1013	4	#B4EECD
ng4obs1014	4	#B4EECD
ng4obs1015	4	#B4EECD
ng4obs1016	4	#B4EECD
ng4obs1017	4	#B4EECD
ng4obs1018	4	#B4EECD
ng4obs1019	4	#B4EECD
ng4obs1020	4	#B4EECD
ng4obs1021	4	#B4EECD
ng4obs1022	4	#B4EECD
ng4obs1023	4	#B4EECD
ng4obs1024	4	#B4EECD
ng4obs1025	4	#B4EECD
ng4obs1026	4	#B4EECD
ng4obs1027	4	#B4EECD
ng4obs1028	4	#B4EECD
ng4obs1029	4	#B4EECD
ng4obs1030	4	#B4EECD
ng4obs1031	4	#B4EECD
ng4obs1032	4	#B4EECD
ng4obs1033	4	#B4EECD
ng4obs1034	4	#B4EECD
ng4obs1035	4	#B4EECD
ng4obs1036	4	#B4EECD
ng4obs1037	4	#B4EECD
ng4obs1038	4	#B4EECD
ng4obs1039	4	#B4EECD
ng4obs1040	4	#B4EECD
ng4obs1041	4	#B4EECD
ng4obs1042	4	#B4EECD
ng4obs1043	4	#B4EECD
ng4obs1044	4	#B4EECD
ng4obs1045	4	#B4EECD
ng4obs1046	4	#B4EECD
ng4obs1047	4	#B4EECD
ng4obs1048	4	#B4EECD
ng4obs1049	4	#B4EECD
ng4obs1050	4	#B4EECD
ng4obs1051	4	#B4EECD
ng4obs1052	4	#B4EECD
ng4obs1053	4	#B4EECD
ng4obs1054	4	#B4EECD
ng4obs1055	4	#B4EECD
ng4obs1056	4	#B4EECD
ng4obs1057	4	#B4EECD
ng4obs1058	4	#B4EECD
ng4obs1059	4	#B4EECD
ng4obs1060	4	#B4EECD
ng4obs1061	4	#B4EECD
ng4obs1062	4	#B4EECD
ng4obs1063	4	#B4EECD
ng4obs1064	4	#B4EECD
ng4obs1065	4	#B4EECD
ng4obs1066	4	#B4EECD
ng4obs1067	4	#B4EECD
ng4obs1068	4	#B4EECD
ng4obs1069	4	#B4EECD
ng4obs1070	4	#B4EECD
ng4obs1071	4	#B4EECD
ng4obs1072	4	#B4EECD
ng4obs1073	4	#B4EECD
ng4obs1074	4	#B4EECD
ng4obs1075	4	#B4EECD
ng4obs1076	4	#B4EECD
ng4obs1077	4	#B4EECD
ng4obs1078	4	#B4EECD
ng4obs1079	4	#B4EECD
ng4obs1080	4	#B4EECD
ng4obs1081	4	#B4EECD
ng4obs1082	4	#B4EECD
ng4obs1083	4	#B4EECD
ng4obs1084	4	#B4EECD
ng4obs1085	4	#B4EECD
ng4obs1086	4	#B4EECD
ng4obs1087	4	#B4EECD
ng4obs1088	4	#B4EECD
ng4obs1089	4	#B4EECD
ng4obs1090	4	#B4EECD
ng4obs1091	4	#B4EECD
ng4obs1092	4	#B4EECD
ng4obs1093	4	#B4EECD
ng4obs1094	4	#B4EECD
ng4obs1095	4	#B4EECD
ng4obs1096	4	#B4EECD
ng4obs1097	4	#B4EECD
ng4obs1098	4	#B4EECD
ng4obs1099	4	#B4EECD
ng4obs1100	4	#B4EECD
ng4obs1101	4	#B4EECD
ng4obs1102	4	#B4EECD
ng4obs1103	4	#B4EECD
ng4obs1104	4	#B4EECD
ng4obs1105	4	#B4EECD
ng4obs1106	4	#B4EECD
ng4obs1107	4	#B4EECD
ng4obs1108	4	#B4EECD
ng4obs1109	4	#B4EECD
ng4obs1110	4	#B4EECD
ng4obs1111	4	#B4EECD
ng4obs1112	4	#B4EECD
ng4obs1113	4	#B4EECD
ng4obs1114	4	#B4EECD
ng4obs1115	4	#B4EECD
ng4obs1116	4	#B4EECD
ng4obs1117	4	#B4EECD
ng4obs1118	4	#B4EECD
ng4obs1119	4	#B4EECD
ng4obs1120	4	#B4EECD
ng4obs1121	4	#B4EECD
ng4obs1122	4	#B4EECD
ng4obs1123	4	#B4EECD
ng4obs1124	4	#B4EECD
ng4obs1125	4	#B4EECD
ng4obs1126	4	#B4EECD
ng4obs1127	4	#B4EECD
ng4obs1128	4	#B4EECD
ng4obs1129	4	#B4EECD
ng4obs1130	4	#B4EECD
ng4obs1131	4	#B4EECD
ng4obs1132	4	#B4EECD
ng4obs1133	4	#B4EECD
ng4obs1134	4	#B4EECD
ng4obs1135	4	#B4EECD
ng4obs1136	4	#B4EECD
ng4obs1137	4	#B4EECD
ng4obs1138	4	#B4EECD
ng4obs1139	4	#B4EECD
ng4obs1140	4	#B4EECD
ng4obs1141	4	#B4EECD
ng4obs1142	4	#B4EECD
ng4obs1143	4	#B4EECD
ng4obs1144	4	#B4EECD
ng4obs1145	4	#B4EECD
ng4obs1146	4	#B4EECD
ng4obs1147	4	#B4EECD
ng4obs1148	4	#B4EECD
ng4obs1149	4	#B4EECD
ng4obs1150	4	#B4EECD
ng4obs1151	4	#B4EECD
ng4obs1152	4	#B4EECD
ng4obs1153	4	#B4EECD
ng4obs1154	4	#B4EECD
ng4obs1155	4	#B4EECD
ng4obs1156	4	#B4EECD
ng4obs1157	4	#B4EECD
ng4obs1158	4	#B4EECD
ng4obs1159	4	#B4EECD
ng4obs1160	4	#B4EECD
ng4obs1161	4	#B4EECD
ng4obs1162	4	#B4EECD
ng4obs1163	4	#B4EECD
ng4obs1164	4	#B4EECD
ng4obs1165	4	#B4EECD
ng4obs1166	4	#B4EECD
ng4obs1167	4	#B4EECD
ng4obs1168	4	#B4EECD
ng4obs1169	4	#B4EECD
ng4obs1170	4	#B4EECD
ng4obs1171	4	#B4EECD
ng4obs1172	4	#B4EECD
ng4obs1173	4	#B4EECD
ng4obs1174	4	#B4EECD
ng4obs1175	4	#B4EECD
ng4obs1176	4	#B4EECD
ng4obs1177	4	#B4EECD
ng4obs1178	4	#B4EECD
ng4obs1179	4	#B4EECD
ng4obs1180	4	#B4EECD
ng4obs1181	4	#B4EECD
ng4obs1182	4	#B4EECD
ng4obs1183	4	#B4EECD
ng4obs1184	4	#B4EECD
ng4obs1185	4	#B4EECD
ng4obs1186	4	#B4EECD
ng4obs1187	4	#B4EECD
ng4obs1188	4	#B4EECD
ng4obs1189	4	#B4EECD
ng4obs1190	4	#B4EECD
ng4obs1191	4	#B4EECD
ng4obs1192	4	#B4EECD
ng4obs1193	4	#B4EECD
ng4obs1194	4	#B4EECD
ng4obs1195	4	#B4EECD
ng4obs1196	4	#B4EECD
ng4obs1197	4	#B4EECD
ng4obs1198	4	#B4EECD
ng4obs1199	4	#B4EECD
ng5obs1200	5	#8407E1
ng5obs1201	5	#8407E1
ng5obs1202	5	#8407E1
ng5obs1203	5	#8407E1
ng5obs1204	5	#8407E1
ng5obs1205	5	#8407E1
ng5obs1206	5	#8407E1
ng5obs1207	5	#8407E1
ng5obs1208	5	#8407E1
ng5obs1209	5	#8407E1
ng5obs1210	5	#8407E1
ng5obs1211	5	#8407E1
ng5obs1212	5	#8407E1
ng5obs1213	5	#8407E1
ng5obs1214	5	#8407E1
ng5obs1215	5	#8407E1
ng5obs1216	5	#8407E1
ng5obs1217	5	#8407E1
ng5obs1218	5	#8407E1
ng5obs1219	5	#8407E1
ng5obs1220	5	#8407E1
ng5obs1221	5	#8407E1
ng5obs1222	5	#8407E1
ng5obs1223	5	#8407E1
ng5obs1224	5	#8407E1
ng5obs1225	5	#8407E1
ng5obs1226	5	#8407E1
ng5obs1227	5	#8407E1
ng5obs1228	5	#8407E1
ng5obs1229	5	#8407E1
ng5obs1230	5	#8407E1
ng5obs1231	5	#8407E1
ng5obs1232	5	#8407E1
ng5obs1233	5	#8407E1
ng5obs1234	5	#8407E1
ng5obs1235	5	#8407E1
ng5obs1236	5	#8407E1
ng5obs1237	5	#8407E1
ng5obs1238	5	#8407E1
ng5obs1239	5	#8407E1
ng5obs1240	5	#8407E1
ng5obs1241	5	#8407E1
ng5obs1242	5	#8407E1
ng5obs1243	5	#8407E1
ng5obs1244	5	#8407E1
ng5obs1245	5	#8407E1
ng5obs1246	5	#8407E1
ng5obs1247	5	#8407E1
ng5obs1248	5	#8407E1
ng5obs1249	5	#8407E1
ng5obs1250	5	#8407E1
ng5obs1251	5	#8407E1
ng5obs1252	5	#8407E1
ng5obs1253	5	#8407E1
ng5obs1254	5	#8407E1
ng5obs1255	5	#8407E1
ng5obs1256	5	#8407E1
ng5obs1257	5	#8407E1
ng5obs1258	5	#8407E1
ng5obs1259	5	#8407E1
ng5obs1260	5	#8407E1
ng5obs1261	5	#8407E1
ng5obs1262	5	#8407E1
ng5obs1263	5	#8407E1
ng5obs1264	5	#8407E1
ng5obs1265	5	#8407E1
ng5obs1266	5	#8407E1
ng5obs1267	5	#8407E1
ng5obs1268	5	#8407E1
ng5obs1269	5	#8407E1
ng5obs1270	5	#8407E1
ng5obs1271	5	#8407E1
ng5obs1272	5	#8407E1
ng5obs1273	5	#8407E1
ng5obs1274	5	#8407E1
ng5obs1275	5	#8407E1
ng5obs1276	5	#8407E1
ng5obs1277	5	#8407E1
ng5obs1278	5	#8407E1
ng5obs1279	5	#8407E1
ng5obs1280	5	#8407E1
ng5obs1281	5	#8407E1
ng5obs1282	5	#8407E1
ng5obs1283	5	#8407E1
ng5obs1284	5	#8407E1
ng5obs1285	5	#8407E1
ng5obs1286	5	#8407E1
ng5obs1287	5	#8407E1
ng5obs1288	5	#8407E1
ng5obs1289	5	#8407E1
ng5obs1290	5	#8407E1
ng5obs1291	5	#8407E1
ng5obs1292	5	#8407E1
ng5obs1293	5	#8407E1
ng5obs1294	5	#8407E1
ng5obs1295	5	#8407E1
ng5obs1296	5	#8407E1
ng5obs1297	5	#8407E1
ng5obs1298	5	#8407E1
ng5obs1299	5	#8407E1
ng5obs1300	5	#8407E1
ng5obs1301	5	#8407E1
ng5obs1302	5	#8407E1
ng5obs1303	5	#8407E1
ng5obs1304	5	#8407E1
ng5obs1305	5	#8407E1
ng5obs1306	5	#8407E1
ng5obs1307	5	#8407E1
ng5obs1308	5	#8407E1
ng5obs1309	5	#8407E1
ng5obs1310	5	#8407E1
ng5obs1311	5	#8407E1
ng5obs1312	5	#8407E1
ng5obs1313	5	#8407E1
ng5obs1314	5	#8407E1
ng5obs1315	5	#8407E1
ng5obs1316	5	#8407E1
ng5obs1317	5	#8407E1
ng5obs1318	5	#8407E1
ng5obs1319	5	#8407E1
ng5obs1320	5	#8407E1
ng5obs1321	5	#8407E1
ng5obs1322	5	#8407E1
ng5obs1323	5	#8407E1
ng5obs1324	5	#8407E1
ng5obs1325	5	#8407E1
ng5obs1326	5	#8407E1
ng5obs1327	5	#8407E1
ng5obs1328	5	#8407E1
ng5obs1329	5	#8407E1
ng5obs1330	5	#8407E1
ng5obs1331	5	#8407E1
ng5obs1332	5	#8407E1
ng5obs1333	5	#8407E1
ng5obs1334	5	#8407E1
ng5obs1335	5	#8407E1
ng5obs1336	5	#8407E1
ng5obs1337	5	#8407E1
ng5obs1338	5	#8407E1
ng5obs1339	5	#8407E1
ng5obs1340	5	#8407E1
ng5obs1341	5	#8407E1
ng5obs1342	5	#8407E1
ng5obs1343	5	#8407E1
ng5obs1344	5	#8407E1
ng5obs1345	5	#8407E1
ng5obs1346	5	#8407E1
ng5obs1347	5	#8407E1
ng5obs1348	5	#8407E1
ng5obs1349	5	#8407E1
ng5obs1350	5	#8407E1
ng5obs1351	5	#8407E1
ng5obs1352	5	#8407E1
ng5obs1353	5	#8407E1
ng5obs1354	5	#8407E1
ng5obs1355	5	#8407E1
ng5obs1356	5	#8407E1
ng5obs1357	5	#8407E1
ng5obs1358	5	#8407E1
ng5obs1359	5	#8407E1
ng5obs1360	5	#8407E1
ng5obs1361	5	#8407E1
ng5obs1362	5	#8407E1
ng5obs1363	5	#8407E1
ng5obs1364	5	#8407E1
ng5obs1365	5	#8407E1
ng5obs1366	5	#8407E1
ng5obs1367	5	#8407E1
ng5obs1368	5	#8407E1
ng5obs1369	5	#8407E1
ng5obs1370	5	#8407E1
ng5obs1371	5	#8407E1
ng5obs1372	5	#8407E1
ng5obs1373	5	#8407E1
ng5obs1374	5	#8407E1
ng5obs1375	5	#8407E1
ng5obs1376	5	#8407E1
ng5obs1377	5	#8407E1
ng5obs1378	5	#8407E1
ng5obs1379	5	#8407E1
ng5obs1380	5	#8407E1
ng5obs1381	5	#8407E1
ng5obs1382	5	#8407E1
ng5obs1383	5	#8407E1
ng5obs1384	5	#8407E1
ng5obs1385	5	#8407E1
ng5obs1386	5	#8407E1
ng5obs1387	5	#8407E1
ng5obs1388	5	#8407E1
ng5obs1389	5	#8407E1
ng5obs1390	5	#8407E1
ng5obs1391	5	#8407E1
ng5obs1392	5	#8407E1
ng5obs1393	5	#8407E1
ng5obs1394	5	#8407E1
ng5obs1395	5	#8407E1
ng5obs1396	5	#8407E1
ng5obs1397	5	#8407E1
ng5obs1398	5	#8407E1
ng5obs1399	5	#8407E1
ng5obs1400	5	#8407E1
ng5obs1401	5	#8407E1
ng5obs1402	5	#8407E1
ng5obs1403	5	#8407E1
ng5obs1404	5	#8407E1
ng5obs1405	5	#8407E1
ng5obs1406	5	#8407E1
ng5obs1407	5	#8407E1
ng5obs1408	5	#8407E1
ng5obs1409	5	#8407E1
ng5obs1410	5	#8407E1
ng5obs1411	5	#8407E1
ng5obs1412	5	#8407E1
ng5obs1413	5	#8407E1
ng5obs1414	5	#8407E1
ng5obs1415	5	#8407E1
ng5obs1416	5	#8407E1
ng5obs1417	5	#8407E1
ng5obs1418	5	#8407E1
ng5obs1419	5	#8407E1
ng5obs1420	5	#8407E1
ng5obs1421	5	#8407E1
ng5obs1422	5	#8407E1
ng5obs1423	5	#8407E1
ng5obs1424	5	#8407E1
ng5obs1425	5	#8407E1
ng5obs1426	5	#8407E1
ng5obs1427	5	#8407E1
ng5obs1428	5	#8407E1
ng5obs1429	5	#8407E1
ng5obs1430	5	#8407E1
ng5obs1431	5	#8407E1
ng5obs1432	5	#8407E1
ng5obs1433	5	#8407E1
ng5obs1434	5	#8407E1
ng5obs1435	5	#8407E1
ng5obs1436	5	#8407E1
ng5obs1437	5	#8407E1
ng5obs1438	5	#8407E1
ng5obs1439	5	#8407E1
ng5obs1440	5	#8407E1
ng5obs1441	5	#8407E1
ng5obs1442	5	#8407E1
ng5obs1443	5	#8407E1
ng5obs1444	5	#8407E1
ng5obs1445	5	#8407E1
ng5obs1446	5	#8407E1
ng5obs1447	5	#8407E1
ng5obs1448	5	#8407E1
ng5obs1449	5	#8407E1
ng5obs1450	5	#8407E1
ng5obs1451	5	#8407E1
ng5obs1452	5	#8407E1
ng5obs1453	5	#8407E1
ng5obs1454	5	#8407E1
ng5obs1455	5	#8407E1
ng5obs1456	5	#8407E1
ng5obs1457	5	#8407E1
ng5obs1458	5	#8407E1
ng5obs1459	5	#8407E1
ng5obs1460	5	#8407E1
ng5obs1461	5	#8407E1
ng5obs1462	5	#8407E1
ng5obs1463	5	#8407E1
ng5obs1464	5	#8407E1
ng5obs1465	5	#8407E1
ng5obs1466	5	#8407E1
ng5obs1467	5	#8407E1
ng5obs1468	5	#8407E1
ng5obs1469	5	#8407E1
ng5obs1470	5	#8407E1
ng5obs1471	5	#8407E1
ng5obs1472	5	#8407E1
ng5obs1473	5	#8407E1
ng5obs1474	5	#8407E1
ng5obs1475	5	#8407E1
ng5obs1476	5	#8407E1
ng5obs1477	5	#8407E1
ng5obs1478	5	#8407E1
ng5obs1479	5	#8407E1
ng5obs1480	5	#8407E1
ng5obs1481	5	#8407E1
ng5obs1482	5	#8407E1
ng5obs1483	5	#8407E1
ng5obs1484	5	#8407E1
ng5obs1485	5	#8407E1
ng5obs1486	5	#8407E1
ng5obs1487	5	#8407E1
ng5obs1488	5	#8407E1
ng5obs1489	5	#8407E1
ng5obs1490	5	#8407E1
ng5obs1491	5	#8407E1
ng5obs1492	5	#8407E1
ng5obs1493	5	#8407E1
ng5obs1494	5	#8407E1
ng5obs1495	5	#8407E1
ng5obs1496	5	#8407E1
ng5obs1497	5	#8407E1
ng5obs1498	5	#8407E1
ng5obs1499	5	#8407E1
ng6obs1500	6	#B13B46
ng6obs1501	6	#B13B46
ng6obs1502	6	#B13B46
ng6obs1503	6	#B13B46
ng6obs1504	6	#B13B46
ng6obs1505	6	#B13B46
ng6obs1506	6	#B13B46
ng6obs1507	6	#B13B46
ng6obs1508	6	#B13B46
ng6obs1509	6	#B13B46
ng6obs1510	6	#B13B46
ng6obs1511	6	#B13B46
ng6obs1512	6	#B13B46
ng6obs1513	6	#B13B46
ng6obs1514	6	#B13B46
ng6obs1515	6	#B13B46
ng6obs1516	6	#B13B46
ng6obs1517	6	#B13B46
ng6obs1518	6	#B13B46
ng6obs1519	6	#B13B46
ng6obs1520	6	#B13B46
ng6obs1521	6	#B13B46
ng6obs1522	6	#B13B46
ng6obs1523	6	#B13B46
ng6obs1524	6	#B13B46
ng6obs1525	6	#B13B46
ng6obs1526	6	#B13B46
ng6obs1527	6	#B13B46
ng6obs1528	6	#B13B46
ng6obs1529	6	#B13B46
ng6obs1530	6	#B13B46
ng6obs1531	6	#B13B46
ng6obs1532	6	#B13B46
ng6obs1533	6	#B13B46
ng6obs1534	6	#B13B46
ng6obs1535	6	#B13B46
ng6obs1536	6	#B13B46
ng6obs1537	6	#B13B46
ng6obs1538	6	#B13B46
ng6obs1539	6	#B13B46
ng6obs1540	6	#B13B46
ng6obs1541	6	#B13B46
ng6obs1542	6	#B13B46
ng6obs1543	6	#B13B46
ng6obs1544	6	#B13B46
ng6obs1545	6	#B13B46
ng6obs1546	6	#B13B46
ng6obs1547	6	#B13B46
ng6obs1548	6	#B13B46
ng6obs1549	6	#B13B46
ng6obs1550	6	#B13B46
ng6obs1551	6	#B13B46
ng6obs1552	6	#B13B46
ng6obs1553	6	#B13B46
ng6obs1554	6	#B13B46
ng6obs1555	6	#B13B46
ng6obs1556	6	#B13B46
ng6obs1557	6	#B13B46
ng6obs1558	6	#B13B46
ng6obs1559	6	#B13B46
ng6obs1560	6	#B13B46
ng6obs1561	6	#B13B46
ng6obs1562	6	#B13B46
ng6obs1563	6	#B13B46
ng6obs1564	6	#B13B46
ng6obs1565	6	#B13B46
ng6obs1566	6	#B13B46
ng6obs1567	6	#B13B46
ng6obs1568	6	#B13B46
ng6obs1569	6	#B13B46
ng6obs1570	6	#B13B46
ng6obs1571	6	#B13B46
ng6obs1572	6	#B13B46
ng6obs1573	6	#B13B46
ng6obs1574	6	#B13B46
ng6obs1575	6	#B13B46
ng6obs1576	6	#B13B46
ng6obs1577	6	#B13B46
ng6obs1578	6	#B13B46
ng6obs1579	6	#B13B46
ng6obs1580	6	#B13B46
ng6obs1581	6	#B13B46
ng6obs1582	6	#B13B46
ng6obs1583	6	#B13B46
ng6obs1584	6	#B13B46
ng6obs1585	6	#B13B46
ng6obs1586	6	#B13B46
ng6obs1587	6	#B13B46
ng6obs1588	6	#B13B46
ng6obs1589	6	#B13B46
ng6obs1590	6	#B13B46
ng6obs1591	6	#B13B46
ng6obs1592	6	#B13B46
ng6obs1593	6	#B13B46
ng6obs1594	6	#B13B46
ng6obs1595	6	#B13B46
ng6obs1596	6	#B13B46
ng6obs1597	6	#B13B46
ng6obs1598	6	#B13B46
ng6obs1599	6	#B13B46
ng6obs1600	6	#B13B46
ng6obs1601	6	#B13B46
ng6obs1602	6	#B13B46
ng6obs1603	6	#B13B46
ng6obs1604	6	#B13B46
ng6obs1605	6	#B13B46
ng6obs1606	6	#B13B46
ng6obs1607	6	#B13B46
ng6obs1608	6	#B13B46
ng6obs1609	6	#B13B46
ng6obs1610	6	#B13B46
ng6obs1611	6	#B13B46
ng6obs1612	6	#B13B46
ng6obs1613	6	#B13B46
ng6obs1614	6	#B13B46
ng6obs1615	6	#B13B46
ng6obs1616	6	#B13B46
ng6obs1617	6	#B13B46
ng6obs1618	6	#B13B46
ng6obs1619	6	#B13B46
ng6obs1620	6	#B13B46
ng6obs1621	6	#B13B46
ng6obs1622	6	#B13B46
ng6obs1623	6	#B13B46
ng6obs1624	6	#B13B46
ng6obs1625	6	#B13B46
ng6obs1626	6	#B13B46
ng6obs1627	6	#B13B46
ng6obs1628	6	#B13B46
ng6obs1629	6	#B13B46
ng6obs1630	6	#B13B46
ng6obs1631	6	#B13B46
ng6obs1632	6	#B13B46
ng6obs1633	6	#B13B46
ng6obs1634	6	#B13B46
ng6obs1635	6	#B13B46
ng6obs1636	6	#B13B46
ng6obs1637	6	#B13B46
ng6obs1638	6	#B13B46
ng6obs1639	6	#B13B46
ng6obs1640	6	#B13B46
ng6obs1641	6	#B13B46
ng6obs1642	6	#B13B46
ng6obs1643	6	#B13B46
ng6obs1644	6	#B13B46
ng6obs1645	6	#B13B46
ng6obs1646	6	#B13B46
ng6obs1647	6	#B13B46
ng6obs1648	6	#B13B46
ng6obs1649	6	#B13B46
ng6obs1650	6	#B13B46
ng6obs1651	6	#B13B46
ng6obs1652	6	#B13B46
ng6obs1653	6	#B13B46
ng6obs1654	6	#B13B46
ng6obs1655	6	#B13B46
ng6obs1656	6	#B13B46
ng6obs1657	6	#B13B46
ng6obs1658	6	#B13B46
ng6obs1659	6	#B13B46
ng6obs1660	6	#B13B46
ng6obs1661	6	#B13B46
ng6obs1662	6	#B13B46
ng6obs1663	6	#B13B46
ng6obs1664	6	#B13B46
ng6obs1665	6	#B13B46
ng6obs1666	6	#B13B46
ng6obs1667	6	#B13B46
ng6obs1668	6	#B13B46
ng6obs1669	6	#B13B46
ng6obs1670	6	#B13B46
ng6obs1671	6	#B13B46
ng6obs1672	6	#B13B46
ng6obs1673	6	#B13B46
ng6obs1674	6	#B13B46
ng6obs1675	6	#B13B46
ng6obs1676	6	#B13B46
ng6obs1677	6	#B13B46
ng6obs1678	6	#B13B46
ng6obs1679	6	#B13B46
ng6obs1680	6	#B13B46
ng6obs1681	6	#B13B46
ng6obs1682	6	#B13B46
ng6obs1683	6	#B13B46
ng6obs1684	6	#B13B46
ng6obs1685	6	#B13B46
ng6obs1686	6	#B13B46
ng6obs1687	6	#B13B46
ng6obs1688	6	#B13B46
ng6obs1689	6	#B13B46
ng6obs1690	6	#B13B46
ng6obs1691	6	#B13B46
ng6obs1692	6	#B13B46
ng6obs1693	6	#B13B46
ng6obs1694	6	#B13B46
ng6obs1695	6	#B13B46
ng6obs1696	6	#B13B46
ng6obs1697	6	#B13B46
ng6obs1698	6	#B13B46
ng6obs1699	6	#B13B46
ng6obs1700	6	#B13B46
ng6obs1701	6	#B13B46
ng6obs1702	6	#B13B46
ng6obs1703	6	#B13B46
ng6obs1704	6	#B13B46
ng6obs1705	6	#B13B46
ng6obs1706	6	#B13B46
ng6obs1707	6	#B13B46
ng6obs1708	6	#B13B46
ng6obs1709	6	#B13B46
ng6obs1710	6	#B13B46
ng6obs1711	6	#B13B46
ng6obs1712	6	#B13B46
ng6obs1713	6	#B13B46
ng6obs1714	6	#B13B46
ng6obs1715	6	#B13B46
ng6obs1716	6	#B13B46
ng6obs1717	6	#B13B46
ng6obs1718	6	#B13B46
ng6obs1719	6	#B13B46
ng6obs1720	6	#B13B46
ng6obs1721	6	#B13B46
ng6obs1722	6	#B13B46
ng6obs1723	6	#B13B46
ng6obs1724	6	#B13B46
ng6obs1725	6	#B13B46
ng6obs1726	6	#B13B46
ng6obs1727	6	#B13B46
ng6obs1728	6	#B13B46
ng6obs1729	6	#B13B46
ng6obs1730	6	#B13B46
ng6obs1731	6	#B13B46
ng6obs1732	6	#B13B46
ng6obs1733	6	#B13B46
ng6obs1734	6	#B13B46
ng6obs1735	6	#B13B46
ng6obs1736	6	#B13B46
ng6obs1737	6	#B13B46
ng6obs1738	6	#B13B46
ng6obs1739	6	#B13B46
ng6obs1740	6	#B13B46
ng6obs1741	6	#B13B46
ng6obs1742	6	#B13B46
ng6obs1743	6	#B13B46
ng6obs1744	6	#B13B46
ng6obs1745	6	#B13B46
ng6obs1746	6	#B13B46
ng6obs1747	6	#B13B46
ng6obs1748	6	#B13B46
ng6obs1749	6	#B13B46
ng6obs1750	6	#B13B46
ng6obs1751	6	#B13B46
ng6obs1752	6	#B13B46
ng6obs1753	6	#B13B46
ng6obs1754	6	#B13B46
ng6obs1755	6	#B13B46
ng6obs1756	6	#B13B46
ng6obs1757	6	#B13B46
ng6obs1758	6	#B13B46
ng6obs1759	6	#B13B46
ng6obs1760	6	#B13B46
ng6obs1761	6	#B13B46
ng6obs1762	6	#B13B46
ng6obs1763	6	#B13B46
ng6obs1764	6	#B13B46
ng6obs1765	6	#B13B46
ng6obs1766	6	#B13B46
ng6obs1767	6	#B13B46
ng6obs1768	6	#B13B46
ng6obs1769	6	#B13B46
ng6obs1770	6	#B13B46
ng6obs1771	6	#B13B46
ng6obs1772	6	#B13B46
ng6obs1773	6	#B13B46
ng6obs1774	6	#B13B46
ng6obs1775	6	#B13B46
ng6obs1776	6	#B13B46
ng6obs1777	6	#B13B46
ng6obs1778	6	#B13B46
ng6obs1779	6	#B13B46
ng6obs1780	6	#B13B46
ng6obs1781	6	#B13B46
ng6obs1782	6	#B13B46
ng6obs1783	6	#B13B46
ng6obs1784	6	#B13B46
ng6obs1785	6	#B13B46
ng6obs1786	6	#B13B46
ng6obs1787	6	#B13B46
ng6obs1788	6	#B13B46
ng6obs1789	6	#B13B46
ng6obs1790	6	#B13B46
ng6obs1791	6	#B13B46
ng6obs1792	6	#B13B46
ng6obs1793	6	#B13B46
ng6obs1794	6	#B13B46
ng6obs1795	6	#B13B46
ng6obs1796	6	#B13B46
ng6obs1797	6	#B13B46
ng6obs1798	6	#B13B46
ng6obs1799	6	#B13B46
ng7obs1800	7	#52082E
ng7obs1801	7	#52082E
ng7obs1802	7	#52082E
ng7obs1803	7	#52082E
ng7obs1804	7	#52082E
ng7obs1805	7	#52082E
ng7obs1806	7	#52082E
ng7obs1807	7	#52082E
ng7obs1808	7	#52082E
ng7obs1809	7	#52082E
ng7obs1810	7	#52082E
ng7obs1811	7	#52082E
ng7obs1812	7	#52082E
ng7obs1813	7	#52082E
ng7obs1814	7	#52082E
ng7obs1815	7	#52082E
ng7obs1816	7	#52082E
ng7obs1817	7	#52082E
ng7obs1818	7	#52082E
ng7obs1819	7	#52082E
ng7obs1820	7	#52082E
ng7obs1821	7	#52082E
ng7obs1822	7	#52082E
ng7obs1823	7	#52082E
ng7obs1824	7	#52082E
ng7obs1825	7	#52082E
ng7obs1826	7	#52082E
ng7obs1827	7	#52082E
ng7obs1828	7	#52082E
ng7obs1829	7	#52082E
ng7obs1830	7	#52082E
ng7obs1831	7	#52082E
ng7obs1832	7	#52082E
ng7obs1833	7	#52082E
ng7obs1834	7	#52082E
ng7obs1835	7	#52082E
ng7obs1836	7	#52082E
ng7obs1837	7	#52082E
ng7obs1838	7	#52082E
ng7obs1839	7	#52082E
ng7obs1840	7	#52082E
ng7obs1841	7	#52082E
ng7obs1842	7	#52082E
ng7obs1843	7	#52082E
ng7obs1844	7	#52082E
ng7obs1845	7	#52082E
ng7obs1846	7	#52082E
ng7obs1847	7	#52082E
ng7obs1848	7	#52082E
ng7obs1849	7	#52082E
ng7obs1850	7	#52082E
ng7obs1851	7	#52082E
ng7obs1852	7	#52082E
ng7obs1853	7	#52082E
ng7obs1854	7	#52082E
ng7obs1855	7	#52082E
ng7obs1856	7	#52082E
ng7obs1857	7	#52082E
ng7obs1858	7	#52082E
ng7obs1859	7	#52082E
ng7obs1860	7	#52082E
ng7obs1861	7	#52082E
ng7obs1862	7	#52082E
ng7obs1863	7	#52082E
ng7obs1864	7	#52082E
ng7obs1865	7	#52082E
ng7obs1866	7	#52082E
ng7obs1867	7	#52082E
ng7obs1868	7	#52082E
ng7obs1869	7	#52082E
ng7obs1870	7	#52082E
ng7obs1871	7	#52082E
ng7obs1872	7	#52082E
ng7obs1873	7	#52082E
ng7obs1874	7	#52082E
ng7obs1875	7	#52082E
ng7obs1876	7	#52082E
ng7obs1877	7	#52082E
ng7obs1878	7	#52082E
ng7obs1879	7	#52082E
ng7obs1880	7	#52082E
ng7obs1881	7	#52082E
ng7obs1882	7	#52082E
ng7obs1883	7	#52082E
ng7obs1884	7	#52082E
ng7obs1885	7	#52082E
ng7obs1886	7	#52082E
ng7obs1887	7	#52082E
ng7obs1888	7	#52082E
ng7obs1889	7	#52082E
ng7obs1890	7	#52082E
ng7obs1891	7	#52082E
ng7obs1892	7	#52082E
ng7obs1893	7	#52082E
ng7obs1894	7	#52082E
ng7obs1895	7	#52082E
ng7obs1896	7	#52082E
ng7obs1897	7	#52082E
ng7obs1898	7	#52082E
ng7obs1899	7	#52082E
ng7obs1900	7	#52082E
ng7obs1901	7	#52082E
ng7obs1902	7	#52082E
ng7obs1903	7	#52082E
ng7obs1904	7	#52082E
ng7obs1905	7	#52082E
ng7obs1906	7	#52082E
ng7obs1907	7	#52082E
ng7obs1908	7	#52082E
ng7obs1909	7	#52082E
ng7obs1910	7	#52082E
ng7obs1911	7	#52082E
ng7obs1912	7	#52082E
ng7obs1913	7	#52082E
ng7obs1914	7	#52082E
ng7obs1915	7	#52082E
ng7obs1916	7	#52082E
ng7obs1917	7	#52082E
ng7obs1918	7	#52082E
ng7obs1919	7	#52082E
ng7obs1920	7	#52082E
ng7obs1921	7	#52082E
ng7obs1922	7	#52082E
ng7obs1923	7	#52082E
ng7obs1924	7	#52082E
ng7obs1925	7	#52082E
ng7obs1926	7	#52082E
ng7obs1927	7	#52082E
ng7obs1928	7	#52082E
ng7obs1929	7	#52082E
ng7obs1930	7	#52082E
ng7obs1931	7	#52082E
ng7obs1932	7	#52082E
ng7obs1933	7	#52082E
ng7obs1934	7	#52082E
ng7obs1935	7	#52082E
ng7obs1936	7	#52082E
ng7obs1937	7	#52082E
ng7obs1938	7	#52082E
ng7obs1939	7	#52082E
ng7obs1940	7	#52082E
ng7obs1941	7	#52082E
ng7obs1942	7	#52082E
ng7obs1943	7	#52082E
ng7obs1944	7	#52082E
ng7obs1945	7	#52082E
ng7obs1946	7	#52082E
ng7obs1947	7	#52082E
ng7obs1948	7	#52082E
ng7obs1949	7	#52082E
ng7obs1950	7	#52082E
ng7obs1951	7	#52082E
ng7obs1952	7	#52082E
ng7obs1953	7	#52082E
ng7obs1954	7	#52082E
ng7obs1955	7	#52082E
ng7obs1956	7	#52082E
ng7obs1957	7	#52082E
ng7obs1958	7	#52082E
ng7obs1959	7	#52082E
ng7obs1960	7	#52082E
ng7obs1961	7	#52082E
ng7obs1962	7	#52082E
ng7obs1963	7	#52082E
ng7obs1964	7	#52082E
ng7obs1965	7	#52082E
ng7obs1966	7	#52082E
ng7obs1967	7	#52082E
ng7obs1968	7	#52082E
ng7obs1969	7	#52082E
ng7obs1970	7	#52082E
ng7obs1971	7	#52082E
ng7obs1972	7	#52082E
ng7obs1973	7	#52082E
ng7obs1974	7	#52082E
ng7obs1975	7	#52082E
ng7obs1976	7	#52082E
ng7obs1977	7	#52082E
ng7obs1978	7	#52082E
ng7obs1979	7	#52082E
ng7obs1980	7	#52082E
ng7obs1981	7	#52082E
ng7obs1982	7	#52082E
ng7obs1983	7	#52082E
ng7obs1984	7	#52082E
ng7obs1985	7	#52082E
ng7obs1986	7	#52082E
ng7obs1987	7	#52082E
ng7obs1988	7	#52082E
ng7obs1989	7	#52082E
ng7obs1990	7	#52082E
ng7obs1991	7	#52082E
ng7obs1992	7	#52082E
ng7obs1993	7	#52082E
ng7obs1994	7	#52082E
ng7obs1995	7	#52082E
ng7obs1996	7	#52082E
ng7obs1997	7	#52082E
ng7obs1998	7	#52082E
ng7obs1999	7	#52082E
ng7obs2000	7	#52082E
ng7obs2001	7	#52082E
ng7obs2002	7	#52082E
ng7obs2003	7	#52082E
ng7obs2004	7	#52082E
ng7obs2005	7	#52082E
ng7obs2006	7	#52082E
ng7obs2007	7	#52082E
ng7obs2008	7	#52082E
ng7obs2009	7	#52082E
ng7obs2010	7	#52082E
ng7obs2011	7	#52082E
ng7obs2012	7	#52082E
ng7obs2013	7	#52082E
ng7obs2014	7	#52082E
ng7obs2015	7	#52082E
ng7obs2016	7	#52082E
ng7obs2017	7	#52082E
ng7obs2018	7	#52082E
ng7obs2019	7	#52082E
ng7obs2020	7	#52082E
ng7obs2021	7	#52082E
ng7obs2022	7	#52082E
ng7obs2023	7	#52082E
ng7obs2024	7	#52082E
ng7obs2025	7	#52082E
ng7obs2026	7	#52082E
ng7obs2027	7	#52082E
ng7obs2028	7	#52082E
ng7obs2029	7	#52082E
ng7obs2030	7	#52082E
ng7obs2031	7	#52082E
ng7obs2032	7	#52082E
ng7obs2033	7	#52082E
ng7obs2034	7	#52082E
ng7obs2035	7	#52082E
ng7obs2036	7	#52082E
ng7obs2037	7	#52082E
ng7obs2038	7	#52082E
ng7obs2039	7	#52082E
ng7obs2040	7	#52082E
ng7obs2041	7	#52082E
ng7obs2042	7	#52082E
ng7obs2043	7	#52082E
ng7obs2044	7	#52082E
ng7obs2045	7	#52082E
ng7obs2046	7	#52082E
ng7obs2047	7	#52082E
ng7obs2048	7	#52082E
ng7obs2049	7	#52082E
ng7obs2050	7	#52082E
ng7obs2051	7	#52082E
ng7obs2052	7	#52082E
ng7obs2053	7	#52082E
ng7obs2054	7	#52082E
ng7obs2055	7	#52082E
ng7obs2056	7	#52082E
ng7obs2057	7	#52082E
ng7obs2058	7	#52082E
ng7obs2059	7	#52082E
ng7obs2060	7	#52082E
ng7obs2061	7	#52082E
ng7obs2062	7	#52082E
ng7obs2063	7	#52082E
ng7obs2064	7	#52082E
ng7obs2065	7	#52082E
ng7obs2066	7	#52082E
ng7obs2067	7	#52082E
ng7obs2068	7	#52082E
ng7obs2069	7	#52082E
ng7obs2070	7	#52082E
ng7obs2071	7	#52082E
ng7obs2072	7	#52082E
ng7obs2073	7	#52082E
ng7obs2074	7	#52082E
ng7obs2075	7	#52082E
ng7obs2076	7	#52082E
ng7obs2077	7	#52082E
ng7obs2078	7	#52082E
ng7obs2079	7	#52082E
ng7obs2080	7	#52082E
ng7obs2081	7	#52082E
ng7obs2082	7	#52082E
ng7obs2083	7	#52082E
ng7obs2084	7	#52082E
ng7obs2085	7	#52082E
ng7obs2086	7	#52082E
ng7obs2087	7	#52082E
ng7obs2088	7	#52082E
ng7obs2089	7	#52082E
ng7obs2090	7	#52082E
ng7obs2091	7	#52082E
ng7obs2092	7	#52082E
ng7obs2093	7	#52082E
ng7obs2094	7	#52082E
ng7obs2095	7	#52082E
ng7obs2096	7	#52082E
ng7obs2097	7	#52082E
ng7obs2098	7	#52082E
ng7obs2099	7	#52082E
ng8obs2100	8	#833899
ng8obs2101	8	#833899
ng8obs2102	8	#833899
ng8obs2103	8	#833899
ng8obs2104	8	#833899
ng8obs2105	8	#833899
ng8obs2106	8	#833899
ng8obs2107	8	#833899
ng8obs2108	8	#833899
ng8obs2109	8	#833899
ng8obs2110	8	#833899
ng8obs2111	8	#833899
ng8obs2112	8	#833899
ng8obs2113	8	#833899
ng8obs2114	8	#833899
ng8obs2115	8	#833899
ng8obs2116	8	#833899
ng8obs2117	8	#833899
ng8obs2118	8	#833899
ng8obs2119	8	#833899
ng8obs2120	8	#833899
ng8obs2121	8	#833899
ng8obs2122	8	#833899
ng8obs2123	8	#833899
ng8obs2124	8	#833899
ng8obs2125	8	#833899
ng8obs2126	8	#833899
ng8obs2127	8	#833899
ng8obs2128	8	#833899
ng8obs2129	8	#833899
ng8obs2130	8	#833899
ng8obs2131	8	#833899
ng8obs2132	8	#833899
ng8obs2133	8	#833899
ng8obs2134	8	#833899
ng8obs2135	8	#833899
ng8obs2136	8	#833899
ng8obs2137	8	#833899
ng8obs2138	8	#833899
ng8obs2139	8	#833899
ng8obs2140	8	#833899
ng8obs2141	8	#833899
ng8obs2142	8	#833899
ng8obs2143	8	#833899
ng8obs2144	8	#833899
ng8obs2145	8	#833899
ng8obs2146	8	#833899
ng8obs2147	8	#833899
ng8obs2148	8	#833899
ng8obs2149	8	#833899
ng8obs2150	8	#833899
ng8obs2151	8	#833899
ng8obs2152	8	#833899
ng8obs2153	8	#833899
ng8obs2154	8	#833899
ng8obs2155	8	#833899
ng8obs2156	8	#833899
ng8obs2157	8	#833899
ng8obs2158	8	#833899
ng8obs2159	8	#833899
ng8obs2160	8	#833899
ng8obs2161	8	#833899
ng8obs2162	8	#833899
ng8obs2163	8	#833899
ng8obs2164	8	#833899
ng8obs2165	8	#833899
ng8obs2166	8	#833899
ng8obs2167	8	#833899
ng8obs2168	8	#833899
ng8obs2169	8	#833899
ng8obs2170	8	#833899
ng8obs2171	8	#833899
ng8obs2172	8	#833899
ng8obs2173	8	#833899
ng8obs2174	8	#833899
ng8obs2175	8	#833899
ng8obs2176	8	#833899
ng8obs2177	8	#833899
ng8obs2178	8	#833899
ng8obs2179	8	#833899
ng8obs2180	8	#833899
ng8obs2181	8	#833899
ng8obs2182	8	#833899
ng8obs2183	8	#833899
ng8obs2184	8	#833899
ng8obs2185	8	#833899
ng8obs2186	8	#833899
ng8obs2187	8	#833899
ng8obs2188	8	#833899
ng8obs2189	8	#833899
ng8obs2190	8	#833899
ng8obs2191	8	#833899
ng8obs2192	8	#833899
ng8obs2193	8	#833899
ng8obs2194	8	#833899
ng8obs2195	8	#833899
ng8obs2196	8	#833899
ng8obs2197	8	#833899
ng8obs2198	8	#833899
ng8obs2199	8	#833899
ng8obs2200	8	#833899
ng8obs2201	8	#833899
ng8obs2202	8	#833899
ng8obs2203	8	#833899
ng8obs2204	8	#833899
ng8obs2205	8	#833899
ng8obs2206	8	#833899
ng8obs2207	8	#833899
ng8obs2208	8	#833899
ng8obs2209	8	#833899
ng8obs2210	8	#833899
ng8obs2211	8	#833899
ng8obs2212	8	#833899
ng8obs2213	8	#833899
ng8obs2214	8	#833899
ng8obs2215	8	#833899
ng8obs2216	8	#833899
ng8obs2217	8	#833899
ng8obs2218	8	#833899
ng8obs2219	8	#833899
ng8obs2220	8	#833899
ng8obs2221	8	#833899
ng8obs2222	8	#833899
ng8obs2223	8	#833899
ng8obs2224	8	#833899
ng8obs2225	8	#833899
ng8obs2226	8	#833899
ng8obs2227	8	#833899
ng8obs2228	8	#833899
ng8obs2229	8	#833899
ng8obs2230	8	#833899
ng8obs2231	8	#833899
ng8obs2232	8	#833899
ng8obs2233	8	#833899
ng8obs2234	8	#833899
ng8obs2235	8	#833899
ng8obs2236	8	#833899
ng8obs2237	8	#833899
ng8obs2238	8	#833899
ng8obs2239	8	#833899
ng8obs2240	8	#833899
ng8obs2241	8	#833899
ng8obs2242	8	#833899
ng8obs2243	8	#833899
ng8obs2244	8	#833899
ng8obs2245	8	#833899
ng8obs2246	8	#833899
ng8obs2247	8	#833899
ng8obs2248	8	#833899
ng8obs2249	8	#833899
ng8obs2250	8	#833899
ng8obs2251	8	#833899
ng8obs2252	8	#833899
ng8obs2253	8	#833899
ng8obs2254	8	#833899
ng8obs2255	8	#833899
ng8obs2256	8	#833899
ng8obs2257	8	#833899
ng8obs2258	8	#833899
ng8obs2259	8	#833899
ng8obs2260	8	#833899
ng8obs2261	8	#833899
ng8obs2262	8	#833899
ng8obs2263	8	#833899
ng8obs2264	8	#833899
ng8obs2265	8	#833899
ng8obs2266	8	#833899
ng8obs2267	8	#833899
ng8obs2268	8	#833899
ng8obs2269	8	#833899
ng8obs2270	8	#833899
ng8obs2271	8	#833899
ng8obs2272	8	#833899
ng8obs2273	8	#833899
ng8obs2274	8	#833899
ng8obs2275	8	#833899
ng8obs2276	8	#833899
ng8obs2277	8	#833899
ng8obs2278	8	#833899
ng8obs2279	8	#833899
ng8obs2280	8	#833899
ng8obs2281	8	#833899
ng8obs2282	8	#833899
ng8obs2283	8	#833899
ng8obs2284	8	#833899
ng8obs2285	8	#833899
ng8obs2286	8	#833899
ng8obs2287	8	#833899
ng8obs2288	8	#833899
ng8obs2289	8	#833899
ng8obs2290	8	#833899
ng8obs2291	8	#833899
ng8obs2292	8	#833899
ng8obs2293	8	#833899
ng8obs2294	8	#833899
ng8obs2295	8	#833899
ng8obs2296	8	#833899
ng8obs2297	8	#833899
ng8obs2298	8	#833899
ng8obs2299	8	#833899
ng8obs2300	8	#833899
ng8obs2301	8	#833899
ng8obs2302	8	#833899
ng8obs2303	8	#833899
ng8obs2304	8	#833899
ng8obs2305	8	#833899
ng8obs2306	8	#833899
ng8obs2307	8	#833899
ng8obs2308	8	#833899
ng8obs2309	8	#833899
ng8obs2310	8	#833899
ng8obs2311	8	#833899
ng8obs2312	8	#833899
ng8obs2313	8	#833899
ng8obs2314	8	#833899
ng8obs2315	8	#833899
ng8obs2316	8	#833899
ng8obs2317	8	#833899
ng8obs2318	8	#833899
ng8obs2319	8	#833899
ng8obs2320	8	#833899
ng8obs2321	8	#833899
ng8obs2322	8	#833899
ng8obs2323	8	#833899
ng8obs2324	8	#833899
ng8obs2325	8	#833899
ng8obs2326	8	#833899
ng8obs2327	8	#833899
ng8obs2328	8	#833899
ng8obs2329	8	#833899
ng8obs2330	8	#833899
ng8obs2331	8	#833899
ng8obs2332	8	#833899
ng8obs2333	8	#833899
ng8obs2334	8	#833899
ng8obs2335	8	#833899
ng8obs2336	8	#833899
ng8obs2337	8	#833899
ng8obs2338	8	#833899
ng8obs2339	8	#833899
ng8obs2340	8	#833899
ng8obs2341	8	#833899
ng8obs2342	8	#833899
ng8obs2343	8	#833899
ng8obs2344	8	#833899
ng8obs2345	8	#833899
ng8obs2346	8	#833899
ng8obs2347	8	#833899
ng8obs2348	8	#833899
ng8obs2349	8	#833899
ng8obs2350	8	#833899
ng8obs2351	8	#833899
ng8obs2352	8	#833899
ng8obs2353	8	#833899
ng8obs2354	8	#833899
ng8obs2355	8	#833899
ng8obs2356	8	#833899
ng8obs2357	8	#833899
ng8obs2358	8	#833899
ng8obs2359	8	#833899
ng8obs2360	8	#833899
ng8obs2361	8	#833899
ng8obs2362	8	#833899
ng8obs2363	8	#833899
ng8obs2364	8	#833899
ng8obs2365	8	#833899
ng8obs2366	8	#833899
ng8obs2367	8	#833899
ng8obs2368	8	#833899
ng8obs2369	8	#833899
ng8obs2370	8	#833899
ng8obs2371	8	#833899
ng8obs2372	8	#833899
ng8obs2373	8	#833899
ng8obs2374	8	#833899
ng8obs2375	8	#833899
ng8obs2376	8	#833899
ng8obs2377	8	#833899
ng8obs2378	8	#833899
ng8obs2379	8	#833899
ng8obs2380	8	#833899
ng8obs2381	8	#833899
ng8obs2382	8	#833899
ng8obs2383	8	#833899
ng8obs2384	8	#833899
ng8obs2385	8	#833899
ng8obs2386	8	#833899
ng8obs2387	8	#833899
ng8obs2388	8	#833899
ng8obs2389	8	#833899
ng8obs2390	8	#833899
ng8obs2391	8	#833899
ng8obs2392	8	#833899
ng8obs2393	8	#833899
ng8obs2394	8	#833899
ng8obs2395	8	#833899
ng8obs2396	8	#833899
ng8obs2397	8	#833899
ng8obs2398	8	#833899
ng8obs2399	8	#833899
ng9obs2400	9	#023065
ng9obs2401	9	#023065
ng9obs2402	9	#023065
ng9obs2403	9	#023065
ng9obs2404	9	#023065
ng9obs2405	9	#023065
ng9obs2406	9	#023065
ng9obs2407	9	#023065
ng9obs2408	9	#023065
ng9obs2409	9	#023065
ng9obs2410	9	#023065
ng9obs2411	9	#023065
ng9obs2412	9	#023065
ng9obs2413	9	#023065
ng9obs2414	9	#023065
ng9obs2415	9	#023065
ng9obs2416	9	#023065
ng9obs2417	9	#023065
ng9obs2418	9	#023065
ng9obs2419	9	#023065
ng9obs2420	9	#023065
ng9obs2421	9	#023065
ng9obs2422	9	#023065
ng9obs2423	9	#023065
ng9obs2424	9	#023065
ng9obs2425	9	#023065
ng9obs2426	9	#023065
ng9obs2427	9	#023065
ng9obs2428	9	#023065
ng9obs2429	9	#023065
ng9obs2430	9	#023065
ng9obs2431	9	#023065
ng9obs2432	9	#023065
ng9obs2433	9	#023065
ng9obs2434	9	#023065
ng9obs2435	9	#023065
ng9obs2436	9	#023065
ng9obs2437	9	#023065
ng9obs2438	9	#023065
ng9obs2439	9	#023065
ng9obs2440	9	#023065
ng9obs2441	9	#023065
ng9obs2442	9	#023065
ng9obs2443	9	#023065
ng9obs2444	9	#023065
ng9obs2445	9	#023065
ng9obs2446	9	#023065
ng9obs2447	9	#023065
ng9obs2448	9	#023065
ng9obs2449	9	#023065
ng9obs2450	9	#023065
ng9obs2451	9	#023065
ng9obs2452	9	#023065
ng9obs2453	9	#023065
ng9obs2454	9	#023065
ng9obs2455	9	#023065
ng9obs2456	9	#023065
ng9obs2457	9	#023065
ng9obs2458	9	#023065
ng9obs2459	9	#023065
ng9obs2460	9	#023065
ng9obs2461	9	#023065
ng9obs2462	9	#023065
ng9obs2463	9	#023065
ng9obs2464	9	#023065
ng9obs2465	9	#023065
ng9obs2466	9	#023065
ng9obs2467	9	#023065
ng9obs2468	9	#023065
ng9obs2469	9	#023065
ng9obs2470	9	#023065
ng9obs2471	9	#023065
ng9obs2472	9	#023065
ng9obs2473	9	#023065
ng9obs2474	9	#023065
ng9obs2475	9	#023065
ng9obs2476	9	#023065
ng9obs2477	9	#023065
ng9obs2478	9	#023065
ng9obs2479	9	#023065
ng9obs2480	9	#023065
ng9obs2481	9	#023065
ng9obs2482	9	#023065
ng9obs2483	9	#023065
ng9obs2484	9	#023065
ng9obs2485	9	#023065
ng9obs2486	9	#023065
ng9obs2487	9	#023065
ng9obs2488	9	#023065
ng9obs2489	9	#023065
ng9obs2490	9	#023065
ng9obs2491	9	#023065
ng9obs2492	9	#023065
ng9obs2493	9	#023065
ng9obs2494	9	#023065
ng9obs2495	9	#023065
ng9obs2496	9	#023065
ng9obs2497	9	#023065
ng9obs2498	9	#023065
ng9obs2499	9	#023065
ng9obs2500	9	#023065
ng9obs2501	9	#023065
ng9obs2502	9	#023065
ng9obs2503	9	#023065
ng9obs2504	9	#023065
ng9obs2505	9	#023065
ng9obs2506	9	#023065
ng9obs2507	9	#023065
ng9obs2508	9	#023065
ng9obs2509	9	#023065
ng9obs2510	9	#023065
ng9obs2511	9	#023065
ng9obs2512	9	#023065
ng9obs2513	9	#023065
ng9obs2514	9	#023065
ng9obs2515	9	#023065
ng9obs2516	9	#023065
ng9obs2517	9	#023065
ng9obs2518	9	#023065
ng9obs2519	9	#023065
ng9obs2520	9	#023065
ng9obs2521	9	#023065
ng9obs2522	9	#023065
ng9obs2523	9	#023065
ng9obs2524	9	#023065
ng9obs2525	9	#023065
ng9obs2526	9	#023065
ng9obs2527	9	#023065
ng9obs2528	9	#023065
ng9obs2529	9	#023065
ng9obs2530	9	#023065
ng9obs2531	9	#023065
ng9obs2532	9	#023065
ng9obs2533	9	#023065
ng9obs2534	9	#023065
ng9obs2535	9	#023065
ng9obs2536	9	#023065
ng9obs2537	9	#023065
ng9obs2538	9	#023065
ng9obs2539	9	#023065
ng9obs2540	9	#023065
ng9obs2541	9	#023065
ng9obs2542	9	#023065
ng9obs2543	9	#023065
ng9obs2544	9	#023065
ng9obs2545	9	#023065
ng9obs2546	9	#023065
ng9obs2547	9	#023065
ng9obs2548	9	#023065
ng9obs2549	9	#023065
ng9obs2550	9	#023065
ng9obs2551	9	#023065
ng9obs2552	9	#023065
ng9obs2553	9	#023065
ng9obs2554	9	#023065
ng9obs2555	9	#023065
ng9obs2556	9	#023065
ng9obs2557	9	#023065
ng9obs2558	9	#023065
ng9obs2559	9	#023065
ng9obs2560	9	#023065
ng9obs2561	9	#023065
ng9obs2562	9	#023065
ng9obs2563	9	#023065
ng9obs2564	9	#023065
ng9obs2565	9	#023065
ng9obs2566	9	#023065
ng9obs2567	9	#023065
ng9obs2568	9	#023065
ng9obs2569	9	#023065
ng9obs2570	9	#023065
ng9obs2571	9	#023065
ng9obs2572	9	#023065
ng9obs2573	9	#023065
ng9obs2574	9	#023065
ng9obs2575	9	#023065
ng9obs2576	9	#023065
ng9obs2577	9	#023065
ng9obs2578	9	#023065
ng9obs2579	9	#023065
ng9obs2580	9	#023065
ng9obs2581	9	#023065
ng9obs2582	9	#023065
ng9obs2583	9	#023065
ng9obs2584	9	#023065
ng9obs2585	9	#023065
ng9obs2586	9	#023065
ng9obs2587	9	#023065
ng9obs2588	9	#023065
ng9obs2589	9	#023065
ng9obs2590	9	#023065
ng9obs2591	9	#023065
ng9obs2592	9	#023065
ng9obs2593	9	#023065
ng9obs2594	9	#023065
ng9obs2595	9	#023065
ng9obs2596	9	#023065
ng9obs2597	9	#023065
ng9obs2598	9	#023065
ng9obs2599	9	#023065
ng9obs2600	9	#023065
ng9obs2601	9	#023065
ng9obs2602	9	#023065
ng9obs2603	9	#023065
ng9obs2604	9	#023065
ng9obs2605	9	#023065
ng9obs2606	9	#023065
ng9obs2607	9	#023065
ng9obs2608	9	#023065
ng9obs2609	9	#023065
ng9obs2610	9	#023065
ng9obs2611	9	#023065
ng9obs2612	9	#023065
ng9obs2613	9	#023065
ng9obs2614	9	#023065
ng9obs2615	9	#023065
ng9obs2616	9	#023065
ng9obs2617	9	#023065
ng9obs2618	9	#023065
ng9obs2619	9	#023065
ng9obs2620	9	#023065
ng9obs2621	9	#023065
ng9obs2622	9	#023065
ng9obs2623	9	#023065
ng9obs2624	9	#023065
ng9obs2625	9	#023065
ng9obs2626	9	#023065
ng9obs2627	9	#023065
ng9obs2628	9	#023065
ng9obs2629	9	#023065
ng9obs2630	9	#023065
ng9obs2631	9	#023065
ng9obs2632	9	#023065
ng9obs2633	9	#023065
ng9obs2634	9	#023065
ng9obs2635	9	#023065
ng9obs2636	9	#023065
ng9obs2637	9	#023065
ng9obs2638	9	#023065
ng9obs2639	9	#023065
ng9obs2640	9	#023065
ng9obs2641	9	#023065
ng9obs2642	9	#023065
ng9obs2643	9	#023065
ng9obs2644	9	#023065
ng9obs2645	9	#023065
ng9obs2646	9	#023065
ng9obs2647	9	#023065
ng9obs2648	9	#023065
ng9obs2649	9	#023065
ng9obs2650	9	#023065
ng9obs2651	9	#023065
ng9obs2652	9	#023065
ng9obs2653	9	#023065
ng9obs2654	9	#023065
ng9obs2655	9	#023065
ng9obs2656	9	#023065
ng9obs2657	9	#023065
ng9obs2658	9	#023065
ng9obs2659	9	#023065
ng9obs2660	9	#023065
ng9obs2661	9	#023065
ng9obs2662	9	#023065
ng9obs2663	9	#023065
ng9obs2664	9	#023065
ng9obs2665	9	#023065
ng9obs2666	9	#023065
ng9obs2667	9	#023065
ng9obs2668	9	#023065
ng9obs2669	9	#023065
ng9obs2670	9	#023065
ng9obs2671	9	#023065
ng9obs2672	9	#023065
ng9obs2673	9	#023065
ng9obs2674	9	#023065
ng9obs2675	9	#023065
ng9obs2676	9	#023065
ng9obs2677	9	#023065
ng9obs2678	9	#023065
ng9obs2679	9	#023065
ng9obs2680	9	#023065
ng9obs2681	9	#023065
ng9obs2682	9	#023065
ng9obs2683	9	#023065
ng9obs2684	9	#023065
ng9obs2685	9	#023065
ng9obs2686	9	#023065
ng9obs2687	9	#023065
ng9obs2688	9	#023065
ng9obs2689	9	#023065
ng9obs2690	9	#023065
ng9obs2691	9	#023065
ng9obs2692	9	#023065
ng9obs2693	9	#023065
ng9obs2694	9	#023065
ng9obs2695	9	#023065
ng9obs2696	9	#023065
ng9obs2697	9	#023065
ng9obs2698	9	#023065
ng9obs2699	9	#023065
ng10obs2700	10	#FA99BB
ng10obs2701	10	#FA99BB
ng10obs2702	10	#FA99BB
ng10obs2703	10	#FA99BB
ng10obs2704	10	#FA99BB
ng10obs2705	10	#FA99BB
ng10obs2706	10	#FA99BB
ng10obs2707	10	#FA99BB
ng10obs2708	10	#FA99BB
ng10obs2709	10	#FA99BB
ng10obs2710	10	#FA99BB
ng10obs2711	10	#FA99BB
ng10obs2712	10	#FA99BB
ng10obs2713	10	#FA99BB
ng10obs2714	10	#FA99BB
ng10obs2715	10	#FA99BB
ng10obs2716	10	#FA99BB
ng10obs2717	10	#FA99BB
ng10obs2718	10	#FA99BB
ng10obs2719	10	#FA99BB
ng10obs2720	10	#FA99BB
ng10obs2721	10	#FA99BB
ng10obs2722	10	#FA99BB
ng10obs2723	10	#FA99BB
ng10obs2724	10	#FA99BB
ng10obs2725	10	#FA99BB
ng10obs2726	10	#FA99BB
ng10obs2727	10	#FA99BB
ng10obs2728	10	#FA99BB
ng10obs2729	10	#FA99BB
ng10obs2730	10	#FA99BB
ng10obs2731	10	#FA99BB
ng10obs2732	10	#FA99BB
ng10obs2733	10	#FA99BB
ng10obs2734	10	#FA99BB
ng10obs2735	10	#FA99BB
ng10obs2736	10	#FA99BB
ng10obs2737	10	#FA99BB
ng10obs2738	10	#FA99BB
ng10obs2739	10	#FA99BB
ng10obs2740	10	#FA99BB
ng10obs2741	10	#FA99BB
ng10obs2742	10	#FA99BB
ng10obs2743	10	#FA99BB
ng10obs2744	10	#FA99BB
ng10obs2745	10	#FA99BB
ng10obs2746	10	#FA99BB
ng10obs2747	10	#FA99BB
ng10obs2748	10	#FA99BB
ng10obs2749	10	#FA99BB
ng10obs2750	10	#FA99BB
ng10obs2751	10	#FA99BB
ng10obs2752	10	#FA99BB
ng10obs2753	10	#FA99BB
ng10obs2754	10	#FA99BB
ng10obs2755	10	#FA99BB
ng10obs2756	10	#FA99BB
ng10obs2757	10	#FA99BB
ng10obs2758	10	#FA99BB
ng10obs2759	10	#FA99BB
ng10obs2760	10	#FA99BB
ng10obs2761	10	#FA99BB
ng10obs2762	10	#FA99BB
ng10obs2763	10	#FA99BB
ng10obs2764	10	#FA99BB
ng10obs2765	10	#FA99BB
ng10obs2766	10	#FA99BB
ng10obs2767	10	#FA99BB
ng10obs2768	10	#FA99BB
ng10obs2769	10	#FA99BB
ng10obs2770	10	#FA99BB
ng10obs2771	10	#FA99BB
ng10obs2772	10	#FA99BB
ng10obs2773	10	#FA99BB
ng10obs2774	10	#FA99BB
ng10obs2775	10	#FA99BB
ng10obs2776	10	#FA99BB
ng10obs2777	10	#FA99BB
ng10obs2778	10	#FA99BB
ng10obs2779	10	#FA99BB
ng10obs2780	10	#FA99BB
ng10obs2781	10	#FA99BB
ng10obs2782	10	#FA99BB
ng10obs2783	10	#FA99BB
ng10obs2784	10	#FA99BB
ng10obs2785	10	#FA99BB
ng10obs2786	10	#FA99BB
ng10obs2787	10	#FA99BB
ng10obs2788	10	#FA99BB
ng10obs2789	10	#FA99BB
ng10obs2790	10	#FA99BB
ng10obs2791	10	#FA99BB
ng10obs2792	10	#FA99BB
ng10obs2793	10	#FA99BB
ng10obs2794	10	#FA99BB
ng10obs2795	10	#FA99BB
ng10obs2796	10	#FA99BB
ng10obs2797	10	#FA99BB
ng10obs2798	10	#FA99BB
ng10obs2799	10	#FA99BB
ng10obs2800	10	#FA99BB
ng10obs2801	10	#FA99BB
ng10obs2802	10	#FA99BB
ng10obs2803	10	#FA99BB
ng10obs2804	10	#FA99BB
ng10obs2805	10	#FA99BB
ng10obs2806	10	#FA99BB
ng10obs2807	10	#FA99BB
ng10obs2808	10	#FA99BB
ng10obs2809	10	#FA99BB
ng10obs2810	10	#FA99BB
ng10obs2811	10	#FA99BB
ng10obs2812	10	#FA99BB
ng10obs2813	10	#FA99BB
ng10obs2814	10	#FA99BB
ng10obs2815	10	#FA99BB
ng10obs2816	10	#FA99BB
ng10obs2817	10	#FA99BB
ng10obs2818	10	#FA99BB
ng10obs2819	10	#FA99BB
ng10obs2820	10	#FA99BB
ng10obs2821	10	#FA99BB
ng10obs2822	10	#FA99BB
ng10obs2823	10	#FA99BB
ng10obs2824	10	#FA99BB
ng10obs2825	10	#FA99BB
ng10obs2826	10	#FA99BB
ng10obs2827	10	#FA99BB
ng10obs2828	10	#FA99BB
ng10obs2829	10	#FA99BB
ng10obs2830	10	#FA99BB
ng10obs2831	10	#FA99BB
ng10obs2832	10	#FA99BB
ng10obs2833	10	#FA99BB
ng10obs2834	10	#FA99BB
ng10obs2835	10	#FA99BB
ng10obs2836	10	#FA99BB
ng10obs2837	10	#FA99BB
ng10obs2838	10	#FA99BB
ng10obs2839	10	#FA99BB
ng10obs2840	10	#FA99BB
ng10obs2841	10	#FA99BB
ng10obs2842	10	#FA99BB
ng10obs2843	10	#FA99BB
ng10obs2844	10	#FA99BB
ng10obs2845	10	#FA99BB
ng10obs2846	10	#FA99BB
ng10obs2847	10	#FA99BB
ng10obs2848	10	#FA99BB
ng10obs2849	10	#FA99BB
ng10obs2850	10	#FA99BB
ng10obs2851	10	#FA99BB
ng10obs2852	10	#FA99BB
ng10obs2853	10	#FA99BB
ng10obs2854	10	#FA99BB
ng10obs2855	10	#FA99BB
ng10obs2856	10	#FA99BB
ng10obs2857	10	#FA99BB
ng10obs2858	10	#FA99BB
ng10obs2859	10	#FA99BB
ng10obs2860	10	#FA99BB
ng10obs2861	10	#FA99BB
ng10obs2862	10	#FA99BB
ng10obs2863	10	#FA99BB
ng10obs2864	10	#FA99BB
ng10obs2865	10	#FA99BB
ng10obs2866	10	#FA99BB
ng10obs2867	10	#FA99BB
ng10obs2868	10	#FA99BB
ng10obs2869	10	#FA99BB
ng10obs2870	10	#FA99BB
ng10obs2871	10	#FA99BB
ng10obs2872	10	#FA99BB
ng10obs2873	10	#FA99BB
ng10obs2874	10	#FA99BB
ng10obs2875	10	#FA99BB
ng10obs2876	10	#FA99BB
ng10obs2877	10	#FA99BB
ng10obs2878	10	#FA99BB
ng10obs2879	10	#FA99BB
ng10obs2880	10	#FA99BB
ng10obs2881	10	#FA99BB
ng10obs2882	10	#FA99BB
ng10obs2883	10	#FA99BB
ng10obs2884	10	#FA99BB
ng10obs2885	10	#FA99BB
ng10obs2886	10	#FA99BB
ng10obs2887	10	#FA99BB
ng10obs2888	10	#FA99BB
ng10obs2889	10	#FA99BB
ng10obs2890	10	#FA99BB
ng10obs2891	10	#FA99BB
ng10obs2892	10	#FA99BB
ng10obs2893	10	#FA99BB
ng10obs2894	10	#FA99BB
ng10obs2895	10	#FA99BB
ng10obs2896	10	#FA99BB
ng10obs2897	10	#FA99BB
ng10obs2898	10	#FA99BB
ng10obs2899	10	#FA99BB
ng10obs2900	10	#FA99BB
ng10obs2901	10	#FA99BB
ng10obs2902	10	#FA99BB
ng10obs2903	10	#FA99BB
ng10obs2904	10	#FA99BB
ng10obs2905	10	#FA99BB
ng10obs2906	10	#FA99BB
ng10obs2907	10	#FA99BB
ng10obs2908	10	#FA99BB
ng10obs2909	10	#FA99BB
ng10obs2910	10	#FA99BB
ng10obs2911	10	#FA99BB
ng10obs2912	10	#FA99BB
ng10obs2913	10	#FA99BB
ng10obs2914	10	#FA99BB
ng10obs2915	10	#FA99BB
ng10obs2916	10	#FA99BB
ng10obs2917	10	#FA99BB
ng10obs2918	10	#FA99BB
ng10obs2919	10	#FA99BB
ng10obs2920	10	#FA99BB
ng10obs2921	10	#FA99BB
ng10obs2922	10	#FA99BB
ng10obs2923	10	#FA99BB
ng10obs2924	10	#FA99BB
ng10obs2925	10	#FA99BB
ng10obs2926	10	#FA99BB
ng10obs2927	10	#FA99BB
ng10obs2928	10	#FA99BB
ng10obs2929	10	#FA99BB
ng10obs2930	10	#FA99BB
ng10obs2931	10	#FA99BB
ng10obs2932	10	#FA99BB
ng10obs2933	10	#FA99BB
ng10obs2934	10	#FA99BB
ng10obs2935	10	#FA99BB
ng10obs2936	10	#FA99BB
ng10obs2937	10	#FA99BB
ng10obs2938	10	#FA99BB
ng10obs2939	10	#FA99BB
ng10obs2940	10	#FA99BB
ng10obs2941	10	#FA99BB
ng10obs2942	10	#FA99BB
ng10obs2943	10	#FA99BB
ng10obs2944	10	#FA99BB
ng10obs2945	10	#FA99BB
ng10obs2946	10	#FA99BB
ng10obs2947	10	#FA99BB
ng10obs2948	10	#FA99BB
ng10obs2949	10	#FA99BB
ng10obs2950	10	#FA99BB
ng10obs2951	10	#FA99BB
ng10obs2952	10	#FA99BB
ng10obs2953	10	#FA99BB
ng10obs2954	10	#FA99BB
ng10obs2955	10	#FA99BB
ng10obs2956	10	#FA99BB
ng10obs2957	10	#FA99BB
ng10obs2958	10	#FA99BB
ng10obs2959	10	#FA99BB
ng10obs2960	10	#FA99BB
ng10obs2961	10	#FA99BB
ng10obs2962	10	#FA99BB
ng10obs2963	10	#FA99BB
ng10obs2964	10	#FA99BB
ng10obs2965	10	#FA99BB
ng10obs2966	10	#FA99BB
ng10obs2967	10	#FA99BB
ng10obs2968	10	#FA99BB
ng10obs2969	10	#FA99BB
ng10obs2970	10	#FA99BB
ng10obs2971	10	#FA99BB
ng10obs2972	10	#FA99BB
ng10obs2973	10	#FA99BB
ng10obs2974	10	#FA99BB
ng10obs2975	10	#FA99BB
ng10obs2976	10	#FA99BB
ng10obs2977	10	#FA99BB
ng10obs2978	10	#FA99BB
ng10obs2979	10	#FA99BB
ng10obs2980	10	#FA99BB
ng10obs2981	10	#FA99BB
ng10obs2982	10	#FA99BB
ng10obs2983	10	#FA99BB
ng10obs2984	10	#FA99BB
ng10obs2985	10	#FA99BB
ng10obs2986	10	#FA99BB
ng10obs2987	10	#FA99BB
ng10obs2988	10	#FA99BB
ng10obs2989	10	#FA99BB
ng10obs2990	10	#FA99BB
ng10obs2991	10	#FA99BB
ng10obs2992	10	#FA99BB
ng10obs2993	10	#FA99BB
ng10obs2994	10	#FA99BB
ng10obs2995	10	#FA99BB
ng10obs2996	10	#FA99BB
ng10obs2997	10	#FA99BB
ng10obs2998	10	#FA99BB
ng10obs2999	10	#FA99BB
ng11obs3000	11	#97C132
ng11obs3001	11	#97C132
ng11obs3002	11	#97C132
ng11obs3003	11	#97C132
ng11obs3004	11	#97C132
ng11obs3005	11	#97C132
ng11obs3006	11	#97C132
ng11obs3007	11	#97C132
ng11obs3008	11	#97C132
ng11obs3009	11	#97C132
ng11obs3010	11	#97C132
ng11obs3011	11	#97C132
ng11obs3012	11	#97C132
ng11obs3013	11	#97C132
ng11obs3014	11	#97C132
ng11obs3015	11	#97C132
ng11obs3016	11	#97C132
ng11obs3017	11	#97C132
ng11obs3018	11	#97C132
ng11obs3019	11	#97C132
ng11obs3020	11	#97C132
ng11obs3021	11	#97C132
ng11obs3022	11	#97C132
ng11obs3023	11	#97C132
ng11obs3024	11	#97C132
ng11obs3025	11	#97C132
ng11obs3026	11	#97C132
ng11obs3027	11	#97C132
ng11obs3028	11	#97C132
ng11obs3029	11	#97C132
ng11obs3030	11	#97C132
ng11obs3031	11	#97C132
ng11obs3032	11	#97C132
ng11obs3033	11	#97C132
ng11obs3034	11	#97C132
ng11obs3035	11	#97C132
ng11obs3036	11	#97C132
ng11obs3037	11	#97C132
ng11obs3038	11	#97C132
ng11obs3039	11	#97C132
ng11obs3040	11	#97C132
ng11obs3041	11	#97C132
ng11obs3042	11	#97C132
ng11obs3043	11	#97C132
ng11obs3044	11	#97C132
ng11obs3045	11	#97C132
ng11obs3046	11	#97C132
ng11obs3047	11	#97C132
ng11obs3048	11	#97C132
ng11obs3049	11	#97C132
ng11obs3050	11	#97C132
ng11obs3051	11	#97C132
ng11obs3052	11	#97C132
ng11obs3053	11	#97C132
ng11obs3054	11	#97C132
ng11obs3055	11	#97C132
ng11obs3056	11	#97C132
ng11obs3057	11	#97C132
ng11obs3058	11	#97C132
ng11obs3059	11	#97C132
ng11obs3060	11	#97C132
ng11obs3061	11	#97C132
ng11obs3062	11	#97C132
ng11obs3063	11	#97C132
ng11obs3064	11	#97C132
ng11obs3065	11	#97C132
ng11obs3066	11	#97C132
ng11obs3067	11	#97C132
ng11obs3068	11	#97C132
ng11obs3069	11	#97C132
ng11obs3070	11	#97C132
ng11obs3071	11	#97C132
ng11obs3072	11	#97C132
ng11obs3073	11	#97C132
ng11obs3074	11	#97C132
ng11obs3075	11	#97C132
ng11obs3076	11	#97C132
ng11obs3077	11	#97C132
ng11obs3078	11	#97C132
ng11obs3079	11	#97C132
ng11obs3080	11	#97C132
ng11obs3081	11	#97C132
ng11obs3082	11	#97C132
ng11obs3083	11	#97C132
ng11obs3084	11	#97C132
ng11obs3085	11	#97C132
ng11obs3086	11	#97C132
ng11obs3087	11	#97C132
ng11obs3088	11	#97C132
ng11obs3089	11	#97C132
ng11obs3090	11	#97C132
ng11obs3091	11	#97C132
ng11obs3092	11	#97C132
ng11obs3093	11	#97C132
ng11obs3094	11	#97C132
ng11obs3095	11	#97C132
ng11obs3096	11	#97C132
ng11obs3097	11	#97C132
ng11obs3098	11	#97C132
ng11obs3099	11	#97C132
ng11obs3100	11	#97C132
ng11obs3101	11	#97C132
ng11obs3102	11	#97C132
ng11obs3103	11	#97C132
ng11obs3104	11	#97C132
ng11obs3105	11	#97C132
ng11obs3106	11	#97C132
ng11obs3107	11	#97C132
ng11obs3108	11	#97C132
ng11obs3109	11	#97C132
ng11obs3110	11	#97C132
ng11obs3111	11	#97C132
ng11obs3112	11	#97C132
ng11obs3113	11	#97C132
ng11obs3114	11	#97C132
ng11obs3115	11	#97C132
ng11obs3116	11	#97C132
ng11obs3117	11	#97C132
ng11obs3118	11	#97C132
ng11obs3119	11	#97C132
ng11obs3120	11	#97C132
ng11obs3121	11	#97C132
ng11obs3122	11	#97C132
ng11obs3123	11	#97C132
ng11obs3124	11	#97C132
ng11obs3125	11	#97C132
ng11obs3126	11	#97C132
ng11obs3127	11	#97C132
ng11obs3128	11	#97C132
ng11obs3129	11	#97C132
ng11obs3130	11	#97C132
ng11obs3131	11	#97C132
ng11obs3132	11	#97C132
ng11obs3133	11	#97C132
ng11obs3134	11	#97C132
ng11obs3135	11	#97C132
ng11obs3136	11	#97C132
ng11obs3137	11	#97C132
ng11obs3138	11	#97C132
ng11obs3139	11	#97C132
ng11obs3140	11	#97C132
ng11obs3141	11	#97C132
ng11obs3142	11	#97C132
ng11obs3143	11	#97C132
ng11obs3144	11	#97C132
ng11obs3145	11	#97C132
ng11obs3146	11	#97C132
ng11obs3147	11	#97C132
ng11obs3148	11	#97C132
ng11obs3149	11	#97C132
ng11obs3150	11	#97C132
ng11obs3151	11	#97C132
ng11obs3152	11	#97C132
ng11obs3153	11	#97C132
ng11obs3154	11	#97C132
ng11obs3155	11	#97C132
ng11obs3156	11	#97C132
ng11obs3157	11	#97C132
ng11obs3158	11	#97C132
ng11obs3159	11	#97C132
ng11obs3160	11	#97C132
ng11obs3161	11	#97C132
ng11obs3162	11	#97C132
ng11obs3163	11	#97C132
ng11obs3164	11	#97C132
ng11obs3165	11	#97C132
ng11obs3166	11	#97C132
ng11obs3167	11	#97C132
ng11obs3168	11	#97C132
ng11obs3169	11	#97C132
ng11obs3170	11	#97C132
ng11obs3171	11	#97C132
ng11obs3172	11	#97C132
ng11obs3173	11	#97C132
ng11obs3174	11	#97C132
ng11obs3175	11	#97C132
ng11obs3176	11	#97C132
ng11obs3177	11	#97C132
ng11obs3178	11	#97C132
ng11obs3179	11	#97C132
ng11obs3180	11	#97C132
ng11obs3181	11	#97C132
ng11obs3182	11	#97C132
ng11obs3183	11	#97C132
ng11obs3184	11	#97C132
ng11obs3185	11	#97C132
ng11obs3186	11	#97C132
ng11obs3187	11	#97C132
ng11obs3188	11	#97C132
ng11obs3189	11	#97C132
ng11obs3190	11	#97C132
ng11obs3191	11	#97C132
ng11obs3192	11	#97C132
ng11obs3193	11	#97C132
ng11obs3194	11	#97C132
ng11obs3195	11	#97C132
ng11obs3196	11	#97C132
ng11obs3197	11	#97C132
ng11obs3198	11	#97C132
ng11obs3199	11	#97C132
ng11obs3200	11	#97C132
ng11obs3201	11	#97C132
ng11obs3202	11	#97C132
ng11obs3203	11	#97C132
ng11obs3204	11	#97C132
ng11obs3205	11	#97C132
ng11obs3206	11	#97C132
ng11obs3207	11	#97C132
ng11obs3208	11	#97C132
ng11obs3209	11	#97C132
ng11obs3210	11	#97C132
ng11obs3211	11	#97C132
ng11obs3212	11	#97C132
ng11obs3213	11	#97C132
ng11obs3214	11	#97C132
ng11obs3215	11	#97C132
ng11obs3216	11	#97C132
ng11obs3217	11	#97C132
ng11obs3218	11	#97C132
ng11obs3219	11	#97C132
ng11obs3220	11	#97C132
ng11obs3221	11	#97C132
ng11obs3222	11	#97C132
ng11obs3223	11	#97C132
ng11obs3224	11	#97C132
ng11obs3225	11	#97C132
ng11obs3226	11	#97C132
ng11obs3227	11	#97C132
ng11obs3228	11	#97C132
ng11obs3229	11	#97C132
ng11obs3230	11	#97C132
ng11obs3231	11	#97C132
ng11obs3232	11	#97C132
ng11obs3233	11	#97C132
ng11obs3234	11	#97C132
ng11obs3235	11	#97C132
ng11obs3236	11	#97C132
ng11obs3237	11	#97C132
ng11obs3238	11	#97C132
ng11obs3239	11	#97C132
ng11obs3240	11	#97C132
ng11obs3241	11	#97C132
ng11obs3242	11	#97C132
ng11obs3243	11	#97C132
ng11obs3244	11	#97C132
ng11obs3245	11	#97C132
ng11obs3246	11	#97C132
ng11obs3247	11	#97C132
ng11obs3248	11	#97C132
ng11obs3249	11	#97C132
ng11obs3250	11	#97C132
ng11obs3251	11	#97C132
ng11obs3252	11	#97C132
ng11obs3253	11	#97C132
ng11obs3254	11	#97C132
ng11obs3255	11	#97C132
ng11obs3256	11	#97C132
ng11obs3257	11	#97C132
ng11obs3258	11	#97C132
ng11obs3259	11	#97C132
ng11obs3260	11	#97C132
ng11obs3261	11	#97C132
ng11obs3262	11	#97C132
ng11obs3263	11	#97C132
ng11obs3264	11	#97C132
ng11obs3265	11	#97C132
ng11obs3266	11	#97C132
ng11obs3267	11	#97C132
ng11obs3268	11	#97C132
ng11obs3269	11	#97C132
ng11obs3270	11	#97C132
ng11obs3271	11	#97C132
ng11obs3272	11	#97C132
ng11obs3273	11	#97C132
ng11obs3274	11	#97C132
ng11obs3275	11	#97C132
ng11obs3276	11	#97C132
ng11obs3277	11	#97C132
ng11obs3278	11	#97C132
ng11obs3279	11	#97C132
ng11obs3280	11	#97C132
ng11obs3281	11	#97C132
ng11obs3282	11	#97C132
ng11obs3283	11	#97C132
ng11obs3284	11	#97C132
ng11obs3285	11	#97C132
ng11obs3286	11	#97C132
ng11obs3287	11	#97C132
ng11obs3288	11	#97C132
ng11obs3289	11	#97C132
ng11obs3290	11	#97C132
ng11obs3291	11	#97C132
ng11obs3292	11	#97C132
ng11obs3293	11	#97C132
ng11obs3294	11	#97C132
ng11obs3295	11	#97C132
ng11obs3296	11	#97C132
ng11obs3297	11	#97C132
ng11obs3298	11	#97C132
ng11obs3299	11	#97C132
